종목코드,종목명,대분류,중분류,소분류
000020,동화약품,제조,제약,제약
000040,KR모터스,제조,운송장비·부품,그외 기타 운송장비
000050,경방,유통,유통,유통
000070,삼양홀딩스,금융,금융,기타 금융
000080,하이트진로,제조,음식료·담배,음식료
000100,유한양행,제조,제약,제약
000120,CJ대한통운,운송·창고,운송·창고,운송
000140,하이트진로홀딩스,금융,금융,기타 금융
000150,두산,금융,금융,기타 금융
000180,성창기업지주,일반서비스,일반서비스,회사 본부 및 경영 컨설팅 서비스
0001A0,덕양에너젠,유틸리티,전기·가스,가스
000210,DL,제조,화학,화학
000220,유유제약,제조,제약,제약
000230,일동홀딩스,제조,제약,제약
000240,한국앤컴퍼니,금융,금융,기타 금융
000250,삼천당제약,제조,제약,제약
000270,기아,제조,운송장비·부품,자동차
000300,DH오토넥스,제조,운송장비·부품,자동차부품
000320,노루홀딩스,금융,금융,기타 금융
000370,한화손해보험,금융,보험,보험
000390,삼화페인트,제조,화학,기타 화학제품
000400,롯데손해보험,금융,보험,보험
000430,대원강업,제조,운송장비·부품,자동차부품
000440,중앙에너비스,유통,유통,기타 전문 도매
000480,CR홀딩스,제조,비금속,"내화, 비내화 요제품"
000490,대동,제조,기계·장비,특수 목적용 기계
0004V0,엔비알모션,제조,금속,금속가공
000500,가온전선,제조,전기·전자,절연선 및 케이블
000520,삼일제약,제조,제약,제약
000540,흥국화재,금융,보험,보험
000590,CS홀딩스,금융,금융,기타 금융
000640,동아쏘시오홀딩스,금융,건강관리,제약
000650,천일고속,운송·창고,운송·창고,육상 여객 운송
000660,SK하이닉스,제조,전기·전자,반도체
000670,영풍,제조,금속,비철금속
000680,LS네트웍스,유통,유통,상품 종합 도매
000700,유수홀딩스,일반서비스,일반서비스,운송
000720,현대건설,건설,건설,건설
000760,이화산업,유통,유통,기타 전문 도매
0007C0,아크릴,서비스,IT서비스,소프트웨어
000810,삼성화재,금융,보험,보험
000850,화천기공,제조,기계·장비,특수 목적용 기계
000860,강남제비스코,제조,화학,기타 화학제품
000880,한화,제조,화학,기타 화학제품
000890,보해양조,제조,음식료·담배,음식료
0008Z0,에스엔시스,제조,전기·전자,"전동기, 발전기 및 전기 변환 · 공급 · 제어 장치"
000910,유니온,제조,비금속,"시멘트, 석회, 플라스터 및 그 제품"
000950,전방,제조,섬유·의류,방적 및 가공사
000970,한국주철관,제조,금속,철강
000990,DB하이텍,제조,전기·전자,반도체
0009K0,에임드바이오,일반서비스,건강관리,바이오
001000,신라섬유,기타,기타,부동산 임대 및 공급
001020,페이퍼코리아,제조,종이·목재,종이/포장
001040,CJ,금융,금융,기타 금융
001060,JW중외제약,제조,제약,제약
001070,대한방직,제조,섬유·의류,직물직조 및 직물제품
001080,만호제강,제조,금속,철강
0010V0,제이피아이헬스케어,제조,의료·정밀기기,의료기기
001120,LX인터내셔널,유통,유통,상품 중개
001130,대한제분,제조,음식료·담배,"곡물가공품, 전분 및 전분제품"
0011A0,액스비스,제조,전기·전자,기타 전기장비
001200,유진투자증권,금융,증권,증권
001210,금호전기,제조,전기·전자,전구 및 조명장치
001230,동국홀딩스,금융,철강·소재,철강
001250,GS글로벌,유통,유통,상품 종합 도매
001260,남광토건,건설,건설,건설
001270,부국증권,금융,증권,금융 지원 서비스
001290,상상인증권,금융,증권,금융 지원 서비스
001340,PKC,제조,화학,화학
001360,삼성제약,제조,제약,제약
001380,SG글로벌,제조,운송장비·부품,자동차부품
001390,KG케미칼,제조,화학,화학
0013V0,삼진식품,제조,음식료·담배,수산물 가공 및 저장 처리
001420,태원물산,제조,운송장비·부품,자동차부품
001430,세아베스틸지주,제조,금속,철강
001440,대한전선,제조,전기·전자,조선
001450,현대해상,금융,보험,보험
001460,BYC,제조,섬유·의류,섬유/의류
001470,삼부토건,건설,건설,건설
001500,현대차증권,금융,증권,증권
001510,SK증권,금융,증권,증권
001520,동양,제조,비금속,건설
001530,DI동일,유통,유통,상품 중개
001540,안국약품,제조,제약,제약
001550,조비,제조,화학,"비료, 농약 및 살균, 살충제"
001560,제일연마,제조,비금속,기타 비금속 광물제품
001570,금양,제조,화학,화학
0015G0,그린광학,제조,의료·정밀기기,사진장비 및 광학기기
0015N0,아로마티카,제조,화학,화장품
0015S0,페스카로,일반서비스,일반서비스,"그외 기타 전문, 과학 및 기술 서비스"
001620,케이비아이동국실업,제조,운송장비·부품,자동차부품
001630,종근당홀딩스,제조,제약,제약
001680,대상,제조,음식료·담배,기타 식품
001720,신영증권,금융,증권,증권
001740,SK네트웍스,유통,유통,기타 전문 도매
001750,한양증권,금융,증권,금융 지원 서비스
001770,SHD,제조,금속,철강
001780,알루코,제조,금속,비철금속
001790,대한제당,제조,음식료·담배,"곡물가공품, 전분 및 전분제품"
001800,오리온홀딩스,금융,금융,기타 금융
001810,무림SP,제조,종이·목재,종이/포장
001820,삼화콘덴서,제조,전기·전자,전자부품
001840,이화공영,건설,건설,건설
001940,KISCO홀딩스,제조,금속,철강
002020,코오롱,금융,금융,기타 금융
002030,아세아,일반서비스,일반서비스,회사 본부 및 경영 컨설팅 서비스
002070,비비안,제조,섬유·의류,섬유/의류
002100,경농,제조,화학,"비료, 농약 및 살균, 살충제"
002140,고려산업,제조,음식료·담배,"곡물가공품, 전분 및 전분제품"
002150,도화엔지니어링,일반서비스,일반서비스,"건축기술, 엔지니어링 및 관련 기술 서비스"
002170,삼양통상,제조,섬유·의류,"가죽, 가방 및 유사제품"
002200,한국수출포장,제조,종이·목재,"골판지, 종이 상자 및 종이용기"
002210,동성제약,제조,제약,제약
002220,한일철강,제조,금속,철강
002230,피에스텍,제조,의료·정밀기기,"측정, 시험, 항해, 제어 및 기타 정밀기기; 광학기기 제외"
002240,고려제강,제조,금속,철강
002290,삼일기업공사,건설,건설,건설
002310,아세아제지,제조,종이·목재,"골판지, 종이 상자 및 종이용기"
002320,한진,운송·창고,운송·창고,운송
002350,넥센타이어,제조,화학,자동차
002360,SH에너지화학,제조,화학,화학
002380,KCC,제조,화학,건설
002390,한독,제조,제약,제약
002410,범양건영,건설,건설,건설
002420,세기상사,유통,유통,연료 소매
002450,삼익악기,제조,제조,악기
002460,HS화성,건설,건설,건설
002600,조흥,제조,음식료·담배,기타 식품
002620,제일파마홀딩스,일반서비스,건강관리,제약
002630,오리엔트바이오,제조,제약,제약
002680,한탑,제조,음식료·담배,"곡물가공품, 전분 및 전분제품"
002690,동일제강,제조,금속,철강
002700,신일전자,유통,전기·전자,가전/전자제품
002710,TCC스틸,제조,금속,철강
002720,국제약품,제조,제약,제약
002760,보락,제조,화학,기타 화학제품
002780,진흥기업,건설,건설,건설
002790,아모레퍼시픽홀딩스,제조,화학,기타 화학제품
002800,신신제약,제조,제약,제약
002810,삼영무역,유통,유통,기타 전문 도매
002820,SUN&L,제조,종이·목재,나무제품
002840,미원상사,제조,화학,기타 화학제품
002870,신풍,유통,유통,기타 전문 도매
002880,대유에이텍,제조,운송장비·부품,자동차부품
002900,TYM,제조,기계·장비,특수 목적용 기계
002920,유성기업,제조,운송장비·부품,자동차부품
002960,한국쉘석유,제조,화학,정유
002990,금호건설,건설,건설,건설
003000,부광약품,제조,제약,제약
003010,혜인,유통,유통,기계장비 및 관련 물품 도매
003030,세아제강지주,금융,철강·소재,철강
003060,에이프로젠바이오로직스,제조,제약,제약
003070,코오롱글로벌,건설,건설,건설
003080,SB성보,제조,화학,"비료, 농약 및 살균, 살충제"
003090,대웅,제조,제약,제약
003100,선광,운송·창고,운송·창고,기타 운송관련 서비스
003120,일성아이에스,제조,제약,제약
003160,디아이,제조,의료·정밀기기,전자부품
003200,일신방직,제조,섬유·의류,방적 및 가공사
003220,대원제약,제조,제약,제약
003230,삼양식품,제조,음식료·담배,기타 식품
003240,태광산업,제조,화학,화학섬유
003280,흥아해운,운송·창고,운송·창고,해운
003300,한일홀딩스,제조,비금속,건설
003310,대주산업,제조,음식료·담배,동물용 사료 및 조제식품
003350,한국화장품제조,제조,화학,화장품
003380,하림지주,금융,금융,기타 금융
003460,유화증권,금융,증권,금융 지원 서비스
003470,유안타증권,금융,증권,증권
003480,한진중공업홀딩스,전기·가스,전기·가스,가스
003490,대한항공,운송·창고,운송·창고,운송
003520,영진약품,제조,제약,제약
003530,한화투자증권,금융,증권,증권
003540,대신증권,금융,증권,증권
003550,LG,금융,금융,기타 금융
003570,SNT다이내믹스,제조,운송장비·부품,자동차부품
003580,HLB글로벌,유통,유통,유통
003610,방림,제조,섬유·의류,직물직조 및 직물제품
003620,KG모빌리티,제조,운송장비·부품,자동차
003650,미창석유,제조,화학,정유
003670,포스코퓨처엠,제조,전기·전자,이차전지
003680,한성기업,제조,음식료·담배,수산물 가공 및 저장 처리
003690,코리안리,금융,보험,보험
003720,삼영,제조,화학,플라스틱제품
003780,진양산업,제조,화학,플라스틱제품
003800,에이스침대,제조,기타제조,가구
003830,대한화섬,제조,화학,화학섬유
003850,보령,제조,제약,제약
003920,남양유업,제조,음식료·담배,동·식물성 유지 및 낙농제품
003960,사조대림,제조,음식료·담배,수산물 가공 및 저장 처리
004000,롯데정밀화학,제조,화학,화학
004020,현대제철,제조,금속,철강
004060,SG세계물산,유통,유통,상품 종합 도매
004080,신흥,유통,유통,기계장비 및 관련 물품 도매
004090,한국석유,제조,비금속,기타 비금속 광물제품
004100,태양금속,제조,운송장비·부품,자동차부품
004140,동방,운송·창고,운송·창고,기타 운송관련 서비스
004150,한솔홀딩스,금융,금융,기타 금융
004170,신세계,유통,유통,유통
004250,NPC,제조,화학,플라스틱제품
004270,남성,유통,유통,기타 전문 도매
004310,현대약품,제조,제약,제약
004360,세방,운송·창고,운송·창고,도로 화물 운송
004370,농심,제조,음식료·담배,기타 식품
004380,삼익THK,제조,기계·장비,조선
004410,서울식품,제조,음식료·담배,기타 식품
004430,송원산업,제조,화학,에너지/화학
004440,삼일씨엔에스,제조,비금속,건설
004450,삼화왕관,제조,금속,금속가공
004490,세방전지,제조,전기·전자,이차전지
004540,깨끗한나라,제조,종이·목재,종이/포장
004560,현대비앤지스틸,제조,금속,철강
004590,한국가구,유통,유통,기타 상품 전문 소매
004650,창해에탄올,제조,음식료·담배,음식료
004690,삼천리,전기·가스,전기·가스,가스
004700,조광피혁,제조,섬유·의류,"가죽, 가방 및 유사제품"
004710,한솔테크닉스,제조,전기·전자,전자부품
004720,팜젠사이언스,제조,제약,제약
004770,써니전자,제조,전기·전자,전자부품
004780,대륙제관,제조,금속,금속가공
004800,효성,금융,금융,에너지/화학
004830,덕성,제조,화학,플라스틱제품
004840,DRB동일,제조,화학,고무제품
004870,티웨이홀딩스,제조,비금속,"시멘트, 석회, 플라스터 및 그 제품"
004890,동일산업,제조,금속,철강
004910,조광페인트,제조,화학,기타 화학제품
004920,씨아이테크,제조,전기·전자,가전/전자제품
004960,한신공영,건설,건설,건설
004970,신라교역,기타,기타,어로 어
004980,성신양회,제조,비금속,건설
004990,롯데지주,금융,금융,기타 금융
005010,휴스틸,제조,금속,철강
005030,부산주공,제조,운송장비·부품,자동차부품
005070,코스모신소재,제조,화학,이차전지
005090,SGC에너지,전기·가스,전기·가스,전력
005110,한창,유통,전기·전자,통신장비
005160,동국산업,제조,금속,철강
005180,빙그레,제조,음식료·담배,동·식물성 유지 및 낙농제품
005250,녹십자홀딩스,일반서비스,건강관리,바이오
005290,동진쎄미켐,제조,화학,화학
005300,롯데칠성,제조,음식료·담배,음식료
005320,온타이드,유통,유통,생활용품 도매
005360,모나미,유통,유통,생활용품 도매
005380,현대차,제조,운송장비·부품,자동차
005420,코스모화학,제조,화학,기타 화학제품
005430,한국공항,운송·창고,운송·창고,기타 운송관련 서비스
005440,현대지에프홀딩스,금융,금융,기타 금융
005490,POSCO홀딩스,제조,금속,철강
005500,삼진제약,제조,제약,제약
005610,SPC삼립,제조,음식료·담배,기타 식품
005670,푸드웰,제조,음식료·담배,"과실, 채소 가공 및 저장 처리"
005680,삼영전자,제조,전기·전자,전자부품
005690,파미셀,제조,제약,바이오
005710,대원산업,제조,운송장비·부품,자동차부품
005720,넥센,제조,화학,고무제품
005740,크라운해태홀딩스,금융,전기·전자,반도체
005750,대림바스,제조,비금속,"내화, 비내화 요제품"
005800,신영와코루,제조,섬유·의류,섬유/의류
005810,풍산홀딩스,금융,금융,기타 금융
005820,원림,제조,섬유·의류,직물직조 및 직물제품
005830,DB손해보험,금융,보험,보험
005850,에스엘,제조,운송장비·부품,자동차부품
005860,한일사료,제조,음식료·담배,동물용 사료 및 조제식품
005870,휴니드,제조,전기·전자,통신장비
005880,대한해운,운송·창고,운송·창고,해운
005930,삼성전자,제조,전기·전자,반도체
005940,NH투자증권,금융,증권,증권
005950,이수화학,제조,화학,화학
005960,동부건설,건설,건설,건설
005990,매일홀딩스,제조,음식료·담배,동·식물성 유지 및 낙농제품
006040,동원산업,금융,금융,기타 금융
006050,국영지앤엠,제조,비금속,유리 및 유리제품
006060,화승인더,유통,유통,에너지/화학
006090,사조오양,제조,음식료·담배,수산물 가공 및 저장 처리
006110,삼아알미늄,제조,금속,비철금속
006120,SK디스커버리,금융,금융,에너지/화학
006140,피제이전자,제조,의료·정밀기기,의료기기
006200,한국전자홀딩스,금융,금융,기타 금융
006220,제주은행,금융,금융,은행
006260,LS,금융,운송장비·부품,조선
006280,녹십자,제조,제약,제약
006340,대원전선,제조,전기·전자,통신장비
006360,GS건설,건설,건설,건설
006370,대구백화점,유통,유통,유통
006380,카프로,제조,화학,화학
006400,삼성SDI,제조,전기·전자,이차전지
006490,인스코비,통신,통신,전기 통신
006570,대림통상,제조,금속,금속가공
006620,동구바이오제약,제조,제약,제약
006650,대한유화,제조,화학,화학
006660,삼성공조,제조,운송장비·부품,자동차부품
006730,서부T&D,일반서비스,서비스,호텔/레저
006740,블루산업개발,제조,종이·목재,"골판지, 종이 상자 및 종이용기"
006800,미래에셋증권,금융,증권,증권
006840,AK홀딩스,금융,금융,에너지/화학
006880,신송홀딩스,유통,유통,산용 농·축산물 및 동·식물 도매
006890,태경케미컬,제조,화학,화학
006910,보성파워텍,제조,금속,조선
006920,모헨즈,제조,비금속,"시멘트, 석회, 플라스터 및 그 제품"
006980,우성,제조,음식료·담배,"곡물가공품, 전분 및 전분제품"
007070,GS리테일,유통,유통,유통
007110,일신석재,유통,유통,"건축자재, 철물 및 난방장치 도매"
007120,미래아이앤지,IT 서비스,IT서비스,소프트웨어
007160,사조산업,제조,음식료·담배,수산물 가공 및 저장 처리
007210,벽산,제조,비금속,건설
007280,한국특강,제조,금속,철강
007310,오뚜기,제조,음식료·담배,기타 식품
007330,푸른저축은행,금융,금융,은행
007340,DN오토모티브,제조,전기·전자,이차전지
007370,진양제약,제조,제약,제약
007390,네이처셀,제조,제약,기초 의약물질
007460,에이프로젠,제조,금속,금속가공
007530,와이엠,제조,금속,금속가공
007540,샘표,금융,금융,기타 금융
007570,일양약품,제조,제약,제약
007590,동방아그로,제조,화학,"비료, 농약 및 살균, 살충제"
007610,선도전기,제조,전기·전자,"전동기, 발전기 및 전기 변환 · 공급 · 제어 장치"
007660,이수페타시스,제조,전기·전자,전자부품
007680,대원,건설,건설,건설
007690,국도화학,제조,화학,화학
007700,F&F홀딩스,금융,금융,기타 금융
007720,소노스퀘어,유통,유통,상품 종합 도매
007770,한일화학,제조,화학,화학
007810,코리아써키트,제조,전기·전자,전자부품
00781K,코리아써키트2우B,제조,전기·전자,전기·전자
007820,에스엠코어,제조,기계·장비,일반 목적용 기계
007860,서연,금융,금융,기타 금융
007980,TP,제조,섬유·의류,섬유/의류
008040,사조동아원,제조,음식료·담배,"곡물가공품, 전분 및 전분제품"
008060,대덕,금융,전기·전자,반도체
00806K,대덕1우,금융,금융,금융
008110,대동전자,제조,전기·전자,통신장비
008250,이건산업,제조,종이·목재,나무제품
008260,NI스틸,제조,금속,철강
008290,원풍물산,제조,섬유·의류,섬유/의류
0082N0,카나프테라퓨틱스,일반서비스,건강관리,바이오
008350,남선알미늄,제조,금속,비철금속
008370,원풍,제조,화학,플라스틱제품
008420,문배철강,제조,금속,철강
008470,부스타,제조,금속,"구조용 금속제품, 탱크 및 증기발생기"
008490,서흥,제조,화학,제약
008500,일정실업,제조,섬유·의류,편조원단
008600,윌비스,유통,유통,생활용품 도매
008700,아남전자,제조,전기·전자,가전/전자제품
008730,율촌화학,제조,화학,플라스틱제품
008770,호텔신라,유통,유통,기타 상품 전문 소매
008830,대동기어,제조,기계·장비,특수 목적용 기계
008870,금비,제조,비금속,화장품
008930,한미사이언스,금융,건강관리,제약
008970,KBI동양철관,제조,금속,철강
009070,KCTC,운송·창고,운송·창고,도로 화물 운송
009140,경인전자,제조,전기·전자,전자부품
009150,삼성전기,제조,전기·전자,전자부품
009160,SIMPAC,제조,금속,철강
009180,한솔로지스틱스,운송·창고,운송·창고,기타 운송관련 서비스
009190,대양금속,제조,금속,철강
009200,무림페이퍼,제조,종이·목재,종이/포장
009240,한샘,유통,유통,생활용품 도매
009270,신원,제조,섬유·의류,섬유/의류
009290,광동제약,제조,제약,제약
009300,삼아제약,제조,제약,제약
009310,참엔지니어링,제조,기계·장비,특수 목적용 기계
009320,아진전자부품,제조,운송장비·부품,자동차부품
009410,태영건설,건설,건설,건설
009420,한올바이오파마,제조,제약,제약
009440,KC그린홀딩스,금융,금융,기타 금융
009450,경동나비엔,제조,전기·전자,건설
009460,한창제지,제조,종이·목재,종이/포장
009470,삼화전기,제조,전기·전자,전자부품
009520,포스코엠텍,제조,금속,철강
009540,HD한국조선해양,금융,운송장비·부품,조선
009580,무림P&P,제조,종이·목재,종이/포장
009620,삼보산업,제조,금속,비철금속
009680,모토닉,제조,운송장비·부품,자동차부품
009730,이렘,제조,금속,철강
009770,삼정펄프,제조,종이·목재,종이/포장
009780,엠에스씨,제조,음식료·담배,기타 식품
009810,플레이그램,유통,유통,기타 전문 도매
009830,한화솔루션,제조,화학,화학
009900,명신산업,제조,운송장비·부품,자동차부품
009970,영원무역홀딩스,금융,금융,기타 금융
010040,한국내화,제조,비금속,"내화, 비내화 요제품"
010060,OCI홀딩스,금융,금융,에너지/화학
010100,한국무브넥스,제조,운송장비·부품,자동차부품
010120,LS ELECTRIC,제조,전기·전자,조선
010130,고려아연,제조,금속,비철금속
010140,삼성중공업,제조,운송장비·부품,조선
010170,대한광통신,제조,전기·전자,절연선 및 케이블
010240,흥국,제조,기계·장비,특수 목적용 기계
010280,아이티센엔텍,서비스,IT서비스,소프트웨어
010400,우진아이엔에스,건설,전기·전자,디스플레이
010470,오리콤,일반서비스,미디어/엔터,광고/마케팅
010580,에스엠벡셀,제조,운송장비·부품,자동차부품
010640,진양폴리,제조,화학,플라스틱제품
010660,화천기계,제조,기계·장비,특수 목적용 기계
010690,화신,제조,운송장비·부품,자동차부품
010770,평화홀딩스,제조,운송장비·부품,자동차부품
010780,아이에스동서,제조,비금속,건설
010820,퍼스텍,제조,금속,무기 및 총포탄
010950,S-Oil,제조,화학,정유
010960,삼호개발,건설,건설,기반조성 및 시설물 축조관련 전문공사
011000,진원생명과학,제조,제약,제약
011040,경동제약,제조,제약,제약
011070,LG이노텍,제조,전기·전자,전자부품
011080,형지I&C,제조,섬유·의류,섬유/의류
011090,에넥스,제조,제조,가구
011150,CJ씨푸드,제조,음식료·담배,기타 식품
011170,롯데케미칼,제조,화학,화학
011200,HMM,운송·창고,운송·창고,해운
011210,현대위아,제조,운송장비·부품,자동차부품
011230,삼화전자,제조,전기·전자,전자부품
011280,태림포장,제조,종이·목재,"골판지, 종이 상자 및 종이용기"
011300,성안머티리얼스,제조,섬유·의류,직물직조 및 직물제품
011320,유니크,제조,운송장비·부품,자동차부품
011330,유니켐,제조,섬유·의류,"가죽, 가방 및 유사제품"
011370,서한,건설,건설,건설
011390,부산산업,제조,비금속,"시멘트, 석회, 플라스터 및 그 제품"
011420,갤럭시아에스엠,오락·문화,오락·문화,스포츠 서비스
011500,한농화성,제조,화학,기타 화학제품
011560,세보엠이씨,건설,전기·전자,이차전지
011690,와이투솔루션,제조,전기·전자,반도체
011700,한신기계,제조,기계·장비,일반 목적용 기계
011760,현대코퍼레이션,유통,유통,상품 종합 도매
011780,금호석유화학,제조,화학,화학
011790,SKC,제조,화학,에너지/화학
011810,STX,유통,유통,상품 종합 도매
011930,신성이엔지,제조,전기·전자,반도체
012030,DB,IT 서비스,IT서비스,소프트웨어
0120G0,삼양바이오팜,제조,제약,제약
012160,영흥,제조,금속,철강
012170,아센디오,오락·문화,미디어/엔터,미디어/콘텐츠
012200,계양전기,제조,기계·장비,일반 목적용 기계
012210,삼미금속,제조,금속,금속가공
012280,영화금속,제조,운송장비·부품,자동차부품
012320,경동인베스트,금융,금융,기타 금융
012330,현대모비스,제조,운송장비·부품,자동차부품
012340,뉴인텍,제조,운송장비·부품,자동차부품
012450,한화에어로스페이스,제조,운송장비·부품,"항공기,우주선 및 부품"
012510,더존비즈온,IT 서비스,IT서비스,소프트웨어
012610,경인양행,제조,화학,화학
012620,원일특강,제조,금속,철강
012630,HDC,금융,건설,건설
012690,모나리자,제조,종이·목재,종이/포장
0126Z0,삼성에피스홀딩스,금융,금융,기타 금융
012700,리드코프,유통,유통,기타 전문 도매
012750,에스원,일반서비스,전기·전자,가전/전자제품
012790,신일제약,제조,제약,제약
012800,대창,제조,금속,비철금속
012860,모베이스전자,제조,운송장비·부품,자동차부품
013000,세우글로벌,유통,유통,기타 전문 도매
013030,하이록코리아,제조,금속,철강
013120,동원개발,건설,건설,건설
013310,아진산업,제조,운송장비·부품,자동차부품
013360,일성건설,건설,건설,건설
013520,화승코퍼레이션,제조,운송장비·부품,자동차부품
013570,디와이,금융,금융,기타 금융
013580,계룡건설,건설,건설,건설
013700,까뮤이앤씨,건설,건설,건설
013720,THE CUBE&,제조,운송장비·부품,자동차부품
013810,스페코,제조,기계·장비,특수 목적용 기계
013870,지엠비코리아,제조,운송장비·부품,자동차부품
013890,지누스,제조,제조,가구
013990,아가방컴퍼니,유통,유통,생활용품 도매
014100,메디앙스,유통,유통,상품 종합 도매
014130,한익스프레스,운송·창고,운송·창고,도로 화물 운송
014160,대영포장,제조,종이·목재,"골판지, 종이 상자 및 종이용기"
014190,원익큐브,유통,유통,기타 전문 도매
014280,금강공업,제조,금속,철강
014440,영보화학,제조,화학,플라스틱제품
014470,부방,기타,기타,부동산 임대 및 공급
014530,극동유화,제조,화학,정유
014570,고려제약,제조,제약,제약
014580,태경비케이,제조,비금속,"시멘트, 석회, 플라스터 및 그 제품"
014620,성광벤드,제조,금속,철강
014680,한솔케미칼,제조,화학,화학
014710,사조씨푸드,제조,음식료·담배,수산물 가공 및 저장 처리
014790,HL D&I,건설,건설,건설
014820,동원시스템즈,제조,화학,플라스틱제품
014830,유니드,제조,화학,화학
014910,성문전자,제조,전기·전자,전자부품
014940,오리엔탈정공,제조,기계·장비,일반 목적용 기계
014950,삼익제약,제조,제약,제약
014970,삼륭물산,제조,종이·목재,"골판지, 종이 상자 및 종이용기"
014990,인디에프,제조,섬유·의류,섬유/의류
015020,이스타코,부동산,부동산,부동산 임대 및 공급
015230,대창단조,제조,운송장비·부품,자동차부품
015260,에이엔피,제조,전기·전자,전자부품
015360,INVENI,일반서비스,일반서비스,회사 본부 및 경영 컨설팅 서비스
015590,DKME,제조,기계·장비,일반 목적용 기계
015710,코콤,제조,전기·전자,통신장비
015750,성우하이텍,제조,운송장비·부품,자동차부품
015760,한국전력,전기·가스,전기·가스,전력
015860,일진홀딩스,금융,운송장비·부품,조선
015890,태경산업,제조,화학,화학
016090,대현,제조,섬유·의류,섬유/의류
016100,리더스코스메틱,제조,종이·목재,화장품
016250,SGC E&C,건설,건설,건설
016360,삼성증권,금융,증권,증권
016380,KG스틸,제조,금속,철강
016450,한세예스24홀딩스,제조,섬유·의류,섬유/의류
016580,환인제약,제조,제약,제약
016590,신대양제지,제조,종이·목재,"골판지, 종이 상자 및 종이용기"
016600,큐캐피탈,금융,금융,기타 금융
016610,DB증권,금융,증권,금융 지원 서비스
016670,디모아,유통,유통,기타 전문 도매
016710,대성홀딩스,일반서비스,일반서비스,회사 본부 및 경영 컨설팅 서비스
016740,두올,제조,운송장비·부품,자동차부품
016790,현대사료,제조,음식료·담배,동물용 사료 및 조제식품
016800,퍼시스,제조,제조,가구
016880,웅진,일반서비스,일반서비스,회사 본부 및 경영 컨설팅 서비스
016920,카스,유통,유통,기계장비 및 관련 물품 도매
017000,신원종합개발,건설,건설,건설
017040,광명전기,제조,전기·전자,"전동기, 발전기 및 전기 변환 · 공급 · 제어 장치"
017180,명문제약,제조,제약,제약
017250,인터엠,제조,전기·전자,가전/전자제품
017370,우신시스템,제조,기계·장비,이차전지
017390,서울가스,전기·가스,전기·가스,가스
017480,삼현철강,제조,금속,철강
017510,세명전기,제조,금속,금속가공
017550,수산세보틱스,제조,기계·장비,특수 목적용 기계
017650,대림제지,제조,종이·목재,종이/포장
017670,SK텔레콤,통신,통신,미디어/통신
017800,현대엘리베이터,제조,기계·장비,조선
017810,풀무원,제조,음식료·담배,기타 식품
017860,DS단석,제조,화학,기타 화학제품
017890,한국알콜,제조,화학,기타 화학제품
017900,광전자,제조,전기·전자,반도체
017940,E1,유통,유통,기타 전문 도매
017960,한국카본,제조,금속,"구조용 금속제품, 탱크 및 증기발생기"
018000,유니슨,제조,기계·장비,일반 목적용 기계
018120,진로발효,제조,음식료·담배,음식료
018250,애경산업,제조,화학,기타 화학제품
018260,삼성에스디에스,IT 서비스,IT서비스,소프트웨어
018290,브이티,제조,화학,화장품
018310,삼목에스폼,제조,금속,"구조용 금속제품, 탱크 및 증기발생기"
018470,조일알미늄,제조,금속,비철금속
018500,동원금속,제조,운송장비·부품,자동차부품
018620,우진비앤지,제조,제약,제약
018670,SK가스,유통,유통,에너지/화학
018680,서울제약,제조,제약,제약
018700,바른손,유통,유통,생활용품 도매
018880,한온시스템,제조,기계·장비,자동차
019010,베뉴지,유통,유통,유통
019170,신풍제약,제조,제약,제약
019180,티에이치엔,제조,전기·전자,기타 전기장비
019210,와이지-원,제조,금속,금속가공
019490,엑시큐어하이트론,제조,전기·전자,가전/전자제품
019540,일지테크,제조,운송장비·부품,자동차부품
019550,SBI인베스트먼트,금융,금융,신탁 및 집합투자
019570,플루토스,금융,금융,신탁 및 집합투자
019660,글로본,유통,생활소비재,화장품
019680,대교,일반서비스,일반서비스,초등 교육기관
019770,서연탑메탈,제조,기계·장비,특수 목적용 기계
019990,에너토크,제조,기계·장비,일반 목적용 기계
020000,한섬,제조,섬유·의류,섬유/의류
020120,키다리스튜디오,IT 서비스,IT서비스,인터넷서비스
020150,롯데에너지머티리얼즈,제조,전기·전자,전자부품
020180,대신정보통신,서비스,IT서비스,소프트웨어
020400,대동금속,제조,금속,금속 주조
020560,아시아나항공,운송·창고,운송·창고,운송
020710,시공테크,일반서비스,일반서비스,전문디자인
020760,일진디스플,제조,전기·전자,반도체
021040,대호특수강,제조,금속,철강
021050,서원,제조,금속,금속 주조
021080,에이티넘인베스트,금융,금융,신탁 및 집합투자
021240,코웨이,일반서비스,일반서비스,그외 기타 개인 서비스
021320,KCC건설,건설,건설,건설
021650,한국큐빅,제조,화학,플라스틱제품
021820,세원정공,제조,운송장비·부품,자동차부품
021880,메이슨캐피탈,금융,금융,기타 금융
022100,포스코DX,일반서비스,일반서비스,"건축기술, 엔지니어링 및 관련 기술 서비스"
022220,티케이지애강,제조,화학,플라스틱제품
023000,삼원강재,제조,운송장비·부품,자동차부품
023150,MH에탄올,제조,음식료·담배,음식료
023160,태광,제조,금속,철강
023350,한국종합기술,일반서비스,일반서비스,"건축기술, 엔지니어링 및 관련 기술 서비스"
023410,유진기업,제조,비금속,건설
023440,제이스코홀딩스,제조,금속,철강
023450,동남합성,제조,화학,화학
023530,롯데쇼핑,유통,유통,유통
023590,다우기술,IT 서비스,IT서비스,인터넷서비스
023600,삼보판지,제조,종이·목재,종이/포장
023760,한국캐피탈,금융,금융,기타 금융
023770,플레이위드,서비스,IT서비스,소프트웨어
023790,동일스틸럭스,제조,금속,철강
023800,인지컨트롤스,제조,운송장비·부품,자동차부품
023810,인팩,제조,운송장비·부품,자동차부품
023900,풍국주정,제조,음식료·담배,음식료
023910,대한약품,제조,제약,제약
023960,에쓰씨엔지니어링,건설,건설,건설
024060,흥구석유,유통,유통,기타 전문 도매
024070,WISCOM,제조,화학,플라스틱제품
024090,디씨엠,제조,금속,철강
024110,기업은행,금융,금융,은행
024120,KB오토시스,제조,운송장비·부품,자동차부품
024720,콜마홀딩스,금융,금융,기타 금융
024740,한일단조,제조,운송장비·부품,자동차부품
024800,유성티엔에스,운송·창고,운송·창고,육상 여객 운송
024830,세원물산,제조,운송장비·부품,자동차부품
024840,KBI메탈,제조,금속,비철금속
024850,HLB이노베이션,제조,전기·전자,전자부품
024880,케이피에프,제조,금속,금속가공
024890,대원화성,제조,화학,플라스틱제품
024900,디와이덕양,제조,운송장비·부품,자동차부품
024910,경창산업,제조,운송장비·부품,자동차부품
024940,PN풍년,유통,유통,생활용품 도매
024950,삼천리자전거,유통,유통,생활용품 도매
025000,KPX케미칼,제조,화학,화학
025320,시노펙스,제조,전기·전자,전자부품
025440,DH오토웨어,제조,전기·전자,디스플레이
025530,SJM홀딩스,유통,유통,자동차 부품 및 내장품 판매
025540,한국단자,제조,전기·전자,조선
025550,한국선재,제조,금속,철강
025560,미래산업,제조,의료·정밀기기,전자부품
025620,차AI헬스케어,제조,화학,화장품
025750,한솔홈데코,제조,종이·목재,제재 및 목재 가공
025770,한국정보통신,기타,기타,전기 통신
025820,이구산업,제조,금속,비철금속
025860,남해화학,제조,화학,에너지/화학
025870,신라에스지,유통,음식료·담배,음식료
025880,케이씨피드,제조,음식료·담배,동물용 사료 및 조제식품
025890,한국주강,제조,기계·장비,특수 목적용 기계
025900,동화기업,제조,종이·목재,나무제품
025950,동신건설,건설,건설,건설
025980,아난티,일반서비스,서비스,호텔/레저
026040,제이에스티나,제조,기타제조,귀금속 및 장신용품
026150,특수건설,건설,건설,건설
026890,스틱인베스트먼트,금융,금융,신탁 및 집합투자
026910,광진실업,제조,금속,철강
026940,부국철강,제조,금속,철강
026960,동서,유통,음식료·담배,음식료
027040,서울전자통신,제조,전기·전자,"전동기, 발전기 및 전기 변환 · 공급 · 제어 장치"
027050,코리아나,제조,화학,화장품
027360,아주IB투자,금융,금융,기타 금융
027410,BGF,금융,금융,기타 금융
027580,상보,제조,화학,플라스틱제품
027710,팜스토리,제조,음식료·담배,동물용 사료 및 조제식품
027740,마니커,제조,음식료·담배,"도축, 육류 가공 및 저장 처리"
027830,대성창투,금융,금융,신탁 및 집합투자
027970,한국제지,제조,종이·목재,종이/포장
028050,삼성E&A,일반서비스,건설,건설
028080,휴맥스홀딩스,서비스,IT서비스,소프트웨어
028100,동아지질,건설,건설,기반조성 및 시설물 축조관련 전문공사
028260,삼성물산,유통,유통,기타 전문 도매
02826K,삼성물산우B,유통,유통,유통
028300,HLB,제조,제약,의료기기
028670,팬오션,운송·창고,운송·창고,해운
029460,케이씨,제조,의료·정밀기기,반도체
029480,광무,제조,전기·전자,통신장비
029530,신도리코,제조,전기·전자,컴퓨터 및 주변장치
029780,삼성카드,금융,금융,기타 금융
030000,제일기획,일반서비스,미디어/엔터,광고/마케팅
030190,NICE평가정보,IT 서비스,IT 서비스,기타 정보 서비스
030200,KT,통신,통신,미디어/통신
030210,다올투자증권,금융,증권,증권
030350,드래곤플라이,서비스,IT서비스,소프트웨어
030520,한글과컴퓨터,서비스,IT서비스,소프트웨어
030530,원익홀딩스,제조,화학,화학
030610,교보증권,금융,증권,증권
030720,동원수산,기타,기타,어로 어
030960,양지사,제조,출판·매체복제,인쇄 및 인쇄관련 산
031210,서울보증보험,금융,보험,보험
031310,아이즈비전,기타,기타,전기 통신
031330,에스에이엠티,유통,전기·전자,반도체
031430,신세계인터내셔날,유통,섬유·의류,섬유/의류
031440,신세계푸드,일반서비스,일반서비스,음식점
031510,오스템,제조,운송장비·부품,자동차부품
031820,아이티센씨티에스,IT 서비스,IT서비스,소프트웨어
031860,디에이치엑스컴퍼니,유통,유통,상품 종합 도매
031980,피에스케이홀딩스,제조,기계·장비,반도체
032080,아즈텍WB,제조,섬유·의류,섬유/의류
032190,다우데이타,유통,유통,기계장비 및 관련 물품 도매
032280,삼일,운송·창고,운송·창고,도로 화물 운송
032300,한국파마,제조,제약,제약
032350,롯데관광개발,일반서비스,서비스,여행
032500,케이엠더블유,제조,전기·전자,통신장비
032540,TJ미디어,제조,전기·전자,가전/전자제품
032560,황금에스티,제조,금속,비철금속
032580,피델릭스,제조,전기·전자,반도체
032620,유비케어,서비스,IT서비스,소프트웨어
032640,LG유플러스,통신,통신,미디어/통신
032680,소프트센,기타,기타,기타 정보 서비스
032750,삼진,제조,전기·전자,통신장비
032790,엠젠솔루션,유통,전기·전자,통신장비
032800,판타지오,오락·문화,오락·문화,창작 및 예술관련 서비스
032820,우리기술,제조,전기·전자,"전동기, 발전기 및 전기 변환 · 공급 · 제어 장치"
032830,삼성생명,금융,보험,보험
032850,비트컴퓨터,서비스,IT서비스,소프트웨어
032860,더라미,일반서비스,생활소비재,화장품
032940,원익,유통,건강관리,의료기기
032960,동일기연,제조,전기·전자,전자부품
032980,바이온,유통,음식료·담배,음식료
033050,제이엠아이,제조,화학,기타 화학제품
033100,제룡전기,제조,전기·전자,"전동기, 발전기 및 전기 변환 · 공급 · 제어 장치"
033130,디지틀조선,서비스,IT서비스,인터넷서비스
033160,엠케이전자,제조,전기·전자,전자부품
033170,시그네틱스,제조,전기·전자,반도체
033200,모아텍,제조,전기·전자,전자부품
033230,인성정보,서비스,IT서비스,소프트웨어
033240,자화전자,제조,전기·전자,전자부품
033250,체시스,제조,운송장비·부품,자동차부품
033270,유나이티드제약,제조,제약,제약
033290,로젠,유통,섬유·의류,섬유/의류
033310,엠투엔,제조,전기·전자,전자부품
033320,제이씨현시스템,유통,유통,기계장비 및 관련 물품 도매
033340,좋은사람들,제조,섬유·의류,섬유/의류
033500,동성화인텍,제조,화학,화학
033530,SJG세종,제조,운송장비·부품,자동차부품
033540,파라텍,제조,기계·장비,특수 목적용 기계
033560,블루콤,제조,전기·전자,가전/전자제품
033640,네패스,제조,전기·전자,반도체
033780,KT&G,제조,음식료·담배,음식료
033790,피노,제조,전기·전자,통신장비
033830,티비씨,오락·문화,미디어/엔터,미디어/콘텐츠
033920,무학,제조,음식료·담배,음식료
034020,두산에너빌리티,제조,기계·장비,조선
034120,SBS,오락·문화,미디어/엔터,미디어/콘텐츠
034220,LG디스플레이,제조,전기·전자,전자부품
034230,파라다이스,오락·문화,서비스,레저
034310,NICE,일반서비스,일반서비스,회사 본부 및 경영 컨설팅 서비스
034590,인천도시가스,전기·가스,전기·가스,가스
034730,SK,금융,금융,기타 금융
03473K,SK우,금융,금융,금융
034810,해성산업,금융,금융,기타 금융
03481K,해성산업1우,금융,금융,금융
034830,한국토지신탁,금융,금융,신탁 및 집합투자
034940,조아제약,제조,제약,제약
034950,한국기업평가,일반서비스,일반서비스,기타 사지원 서비스
035000,HS애드,일반서비스,미디어/엔터,광고/마케팅
035080,그래디언트,유통,유통,무점포 소매
035150,백산,제조,화학,플라스틱제품
035200,프럼파스트,제조,화학,플라스틱제품
035250,강원랜드,오락·문화,서비스,레저
035290,골드앤에스,오락·문화,오락·문화,"서적, 잡지 및 기타 인쇄물 출판"
035420,NAVER,IT 서비스,IT서비스,인터넷서비스
035460,기산텔레콤,제조,전기·전자,통신장비
035510,신세계 I&C,IT 서비스,IT서비스,소프트웨어
035600,KG이니시스,서비스,IT서비스,소프트웨어
035610,솔본,일반서비스,일반서비스,회사 본부 및 경영 컨설팅 서비스
035620,바른손이앤에이,오락·문화,미디어/엔터,미디어/콘텐츠
035720,카카오,IT 서비스,IT서비스,인터넷서비스
035760,CJ ENM,오락·문화,미디어/엔터,미디어/콘텐츠
035810,이지홀딩스,제조,음식료·담배,동물용 사료 및 조제식품
035890,서희건설,건설,건설,건설
035900,JYP Ent.,오락·문화,오락·문화,오디오물 출판 및 원판 녹음
036000,예림당,오락·문화,오락·문화,"서적, 잡지 및 기타 인쇄물 출판"
036010,아비코전자,제조,전기·전자,전자부품
036030,케이티알파,유통,유통,상품 중개
036090,위지트,제조,기계·장비,디스플레이
036120,서울평가정보,기타,기타,기타 정보 서비스
036170,에이치엠넥스,제조,전기·전자,반도체
036180,지더블유바이텍,유통,유통,유통
036190,금화피에스시,건설,건설,전기 및 통신 공사
036200,유니셈,제조,기계·장비,반도체
036220,오상헬스케어,제조,의료·정밀기기,의료기기
036420,콘텐트리중앙,오락·문화,미디어/엔터,미디어/콘텐츠
036460,한국가스공사,전기·가스,전기·가스,가스
036480,대성미생물,제조,제약,제약
036530,SNT홀딩스,금융,운송장비·부품,자동차
036540,SFA반도체,제조,전기·전자,반도체
036560,KZ정밀,제조,기계·장비,일반 목적용 기계
036570,엔씨소프트,IT 서비스,IT서비스,소프트웨어
036580,팜스코,제조,음식료·담배,"곡물가공품, 전분 및 전분제품"
036620,감성코퍼레이션,유통,유통,기타 전문 도매
036630,세종텔레콤,건설,건설,미디어/통신
036640,HRS,제조,화학,화학
036670,삼양케이씨아이,제조,화학,기타 화학제품
036690,코맥스,제조,전기·전자,가전/전자제품
036710,심텍홀딩스,일반서비스,전기·전자,반도체
036800,나이스정보통신,기타,기타,전기 통신
036810,에프에스티,제조,전기·전자,전자부품
036830,솔브레인홀딩스,일반서비스,전기·전자,이차전지
036890,진성티이씨,제조,기계·장비,특수 목적용 기계
036930,주성엔지니어링,제조,기계·장비,반도체
037030,파워넷,제조,전기·전자,"전동기, 발전기 및 전기 변환 · 공급 · 제어 장치"
037070,파세코,제조,전기·전자,가정용 기기
037230,한국팩키지,제조,종이·목재,"골판지, 종이 상자 및 종이용기"
037270,YG PLUS,IT 서비스,IT서비스,인터넷서비스
037330,인지디스플레,제조,전기·전자,전자부품
037350,성도이엔지,일반서비스,전기·전자,반도체
037370,EG,제조,화학,화학
037400,우리엔터프라이즈,유통,유통,상품 종합 도매
037440,희림,일반서비스,일반서비스,"건축기술, 엔지니어링 및 관련 기술 서비스"
037460,삼지전자,제조,전기·전자,통신장비
037560,LG헬로비전,오락·문화,미디어/엔터,미디어/콘텐츠
037710,광주신세계,유통,유통,유통
037760,쎄니트,제조,금속,철강
037950,엘컴텍,제조,전기·전자,전자부품
038010,제일테크노스,제조,금속,"구조용 금속제품, 탱크 및 증기발생기"
038060,루멘스,제조,전기·전자,반도체
038070,서린바이오,유통,유통,기타 전문 도매
038110,에코플라스틱,제조,운송장비·부품,자동차부품
038290,마크로젠,일반서비스,건강관리,바이오
038390,레드캡투어,일반서비스,서비스,여행
038460,바이오스마트,제조,전기·전자,전자부품
038500,삼표시멘트,제조,비금속,기타 비금속 광물제품
038530,케이바이오,유통,유통,생활용품 도매
038540,상상인,서비스,IT서비스,소프트웨어
038620,위즈코프,유통,유통,연료 소매
038680,에스넷,서비스,IT서비스,소프트웨어
038870,에코바이오,일반서비스,일반서비스,사시설 유지·관리 서비스
038880,아이에이,제조,전기·전자,전자부품
038950,파인디지털,제조,전기·전자,통신장비
039010,현대에이치티,제조,전기·전자,통신장비
039020,이건홀딩스,제조,종이·목재,제재 및 목재 가공
039030,이오테크닉스,제조,기계·장비,반도체
039130,하나투어,일반서비스,서비스,여행
039200,오스코텍,제조,제약,제약
039240,경남스틸,제조,금속,철강
039290,인포뱅크,기타,기타,기타 정보 서비스
039310,세중,서비스,IT서비스,소프트웨어
039340,한국경제TV,오락·문화,미디어/엔터,미디어/콘텐츠
039420,케이엘넷,기타,기타,전기 통신
039440,에스티아이,제조,기계·장비,특수 목적용 기계
039490,키움증권,금융,증권,증권
039560,다산네트웍스,제조,전기·전자,통신장비
039570,HDC랩스,건설,건설,전기 및 통신 공사
039610,화성밸브,제조,기계·장비,일반 목적용 기계
039740,한국정보공학,유통,유통,기타 전문 도매
039830,오로라,일반서비스,일반서비스,전문디자인
039840,디오,제조,의료·정밀기기,의료기기
039860,나노엔텍,제조,의료·정밀기기,의료기기
039980,폴라리스AI,서비스,IT서비스,소프트웨어
040160,누리플렉스,서비스,IT서비스,소프트웨어
040300,YTN,오락·문화,미디어/엔터,미디어/콘텐츠
040350,크레오에스지,서비스,IT서비스,소프트웨어
040420,정상제이엘에스,일반서비스,일반서비스,일반 교습 학원
040610,SG&G,제조,운송장비·부품,자동차부품
040910,아이씨디,제조,기계·장비,디스플레이
041020,폴라리스오피스,서비스,IT서비스,소프트웨어
041190,우리기술투자,금융,금융,기타 금융
041440,현대에버다임,제조,기계·장비,특수 목적용 기계
041460,한국전자인증,서비스,IT서비스,소프트웨어
041510,에스엠,오락·문화,오락·문화,오디오물 출판 및 원판 녹음
041520,이엘씨,제조,의료·정밀기기,반도체
041590,플래스크,건설,건설,실내건축 및 건축마무리 공사
041650,상신브레이크,제조,운송장비·부품,자동차부품
041830,인바디,제조,의료·정밀기기,의료기기
041910,폴라리스AI파마,제조,제약,제약
041920,메디아나,제조,의료·정밀기기,의료기기
041930,동아화성,제조,화학,고무제품
041960,코미팜,제조,제약,제약
042000,카페24,서비스,IT서비스,인터넷서비스
042040,케이피엠테크,유통,유통,기타 전문 도매
042110,에스씨디,제조,전기·전자,가전/전자제품
042370,비츠로테크,금융,금융,기타 금융
042420,네오위즈홀딩스,서비스,IT서비스,소프트웨어
042500,링네트,서비스,IT서비스,소프트웨어
042510,라온시큐어,서비스,IT서비스,소프트웨어
042520,한스바이오메드,제조,제약,의료용품 및 기타 의약 관련제품
042600,새로닉스,제조,전기·전자,전자부품
042660,한화오션,제조,운송장비·부품,조선
042700,한미반도체,제조,기계·장비,반도체
042940,상지건설,건설,건설,건설
043090,더테크놀로지,유통,유통,기타 전문 도매
043100,알파AI,제조,의료·정밀기기,의료기기
043150,바텍,제조,의료·정밀기기,의료기기
043200,파루,제조,전기·전자,"전동기, 발전기 및 전기 변환 · 공급 · 제어 장치"
043220,티에스넥스젠,제조,기계·장비,특수 목적용 기계
043260,성호전자,제조,전기·전자,전자부품
043340,에쎈테크,제조,기계·장비,일반 목적용 기계
043360,디지아이,제조,전기·전자,컴퓨터 및 주변장치
043370,피에이치에이,제조,운송장비·부품,자동차부품
043590,웰킵스하이텍,제조,전기·전자,반도체
043610,KT지니뮤직,오락·문화,미디어/엔터,미디어/콘텐츠
043650,국순당,제조,음식료·담배,음식료
043710,서울리거,유통,건강관리,제약
043910,자연과환경,제조,비금속,"시멘트, 석회, 플라스터 및 그 제품"
044180,KD,건설,건설,건설
044340,위닉스,제조,전기·전자,가정용 기기
044380,주연테크,제조,전기·전자,컴퓨터 및 주변장치
044450,KSS해운,운송·창고,운송·창고,해운
044480,빌리언스,제조,화학,고무제품
044490,태웅,제조,금속,금속가공
044780,에이치케이,제조,기계·장비,특수 목적용 기계
044820,코스맥스비티아이,금융,생활소비재,화장품
044960,이글벳,유통,유통,기타 전문 도매
044990,에이치엔에스하이텍,제조,전기·전자,전자부품
045060,오공,제조,화학,기타 화학제품
045100,한양이엔지,일반서비스,전기·전자,반도체
045300,성우테크론,제조,전기·전자,전자부품
045340,토탈소프트,서비스,IT서비스,소프트웨어
045390,대아티아이,제조,전기·전자,기타 전기장비
045510,정원엔시스,유통,유통,기계장비 및 관련 물품 도매
045520,크린앤사이언스,제조,기계·장비,일반 목적용 기계
045660,에이텍,제조,전기·전자,컴퓨터 및 주변장치
045970,코아시아,제조,전기·전자,반도체
046070,코다코,제조,운송장비·부품,자동차부품
046120,오르비텍,일반서비스,일반서비스,기타 과학기술 서비스
046210,HLB파나진,제조,제약,의료용품 및 기타 의약 관련제품
046310,백금T&A,제조,전기·전자,통신장비
046390,삼화네트웍스,오락·문화,미디어/엔터,미디어/콘텐츠
046440,KG모빌리언스,서비스,IT서비스,소프트웨어
046890,서울반도체,제조,전기·전자,반도체
046940,우원개발,건설,건설,기반조성 및 시설물 축조관련 전문공사
046970,우리로,유통,전기·전자,반도체
047040,대우건설,건설,건설,건설
047050,포스코인터내셔널,유통,전기·전자,이차전지
047080,한빛소프트,서비스,IT서비스,소프트웨어
047310,파워로직스,제조,전기·전자,이차전지
047400,유니온머티리얼,제조,비금속,"내화, 비내화 요제품"
047560,이스트소프트,서비스,IT서비스,소프트웨어
047770,코데즈컴바인,제조,섬유·의류,섬유/의류
047810,한국항공우주,제조,운송장비·부품,"항공기,우주선 및 부품"
047820,초록뱀미디어,오락·문화,미디어/엔터,미디어/콘텐츠
047920,HLB제약,일반서비스,건강관리,바이오
048410,현대바이오,제조,화학,화장품
048430,유라테크,제조,전기·전자,"전동기, 발전기 및 전기 변환 · 공급 · 제어 장치"
048470,대동스틸,유통,유통,기타 전문 도매
048530,인트론바이오,제조,제약,제약
048550,SM C&C,일반서비스,미디어/엔터,광고/마케팅
048770,TPC,제조,기계·장비,일반 목적용 기계
048830,엔피케이,제조,화학,화학
048870,시너지이노베이션,제조,의료·정밀기기,의료기기
048910,대원미디어,유통,유통,기타 전문 도매
049070,인탑스,제조,전기·전자,가전/전자제품
049080,기가레인,제조,전기·전자,전자부품
049120,파인디앤씨,제조,전기·전자,전자부품
049180,셀루메드,제조,제약,바이오
049430,코메론,제조,의료·정밀기기,"측정, 시험, 항해, 제어 및 기타 정밀기기; 광학기기 제외"
049470,비트플래닛,서비스,IT서비스,소프트웨어
049480,오픈베이스,서비스,IT서비스,소프트웨어
049520,유아이엘,제조,전기·전자,전자부품
049550,잉크테크,제조,화학,기타 화학제품
049630,재영솔루텍,제조,의료·정밀기기,사진장비 및 광학기기
049720,고려신용정보,일반서비스,일반서비스,기타 사지원 서비스
049800,우진플라임,제조,기계·장비,특수 목적용 기계
049830,승일,제조,금속,금속가공
049950,미래컴퍼니,제조,기계·장비,특수 목적용 기계
049960,쎌바이오텍,제조,제약,바이오
050090,비케이홀딩스,일반서비스,미디어/엔터,광고/마케팅
050110,캠시스,제조,전기·전자,전자부품
050120,ES큐브,유통,유통,생활용품 도매
050760,에스폴리텍,제조,화학,플라스틱제품
050860,아세아텍,제조,기계·장비,특수 목적용 기계
050890,쏠리드,제조,전기·전자,통신장비
050960,수산아이앤티,서비스,IT서비스,소프트웨어
051160,지어소프트,서비스,IT서비스,소프트웨어
051360,토비스,제조,전기·전자,가전/전자제품
051370,인터플렉스,제조,전기·전자,전자부품
051380,피씨디렉트,유통,유통,기계장비 및 관련 물품 도매
051390,YW,유통,유통,상품 종합 도매
051490,나라엠앤디,제조,기계·장비,특수 목적용 기계
051500,CJ프레시웨이,유통,음식료·담배,음식료
051600,한전KPS,건설,건설,전기 및 통신 공사
051630,진양화학,제조,화학,플라스틱제품
051780,큐로홀딩스,유통,음식료·담배,음식료
051900,LG생활건강,제조,화학,화장품
051910,LG화학,제조,화학,화학
051980,중앙첨단소재,제조,전기·전자,통신장비
052020,에스티큐브,유통,전기·전자,전자부품
052220,iMBC,오락·문화,미디어/엔터,미디어/콘텐츠
052260,현대바이오랜드,제조,화학,기타 화학제품
052300,오션인더블유,유통,유통,상품 종합 도매
052330,코텍,제조,전기·전자,가전/전자제품
052400,코나아이,서비스,IT서비스,소프트웨어
052420,오성첨단소재,제조,화학,플라스틱제품
052460,아이크래프트,서비스,IT서비스,소프트웨어
052600,한네트,기타,기타,전기 통신
052690,한전기술,일반서비스,건설,건설
052710,아모텍,제조,전기·전자,전자부품
052770,아이톡시,서비스,IT서비스,소프트웨어
052790,액토즈소프트,서비스,IT서비스,소프트웨어
052860,아이앤씨,제조,전기·전자,반도체
052900,KX하이텍,제조,화학,반도체
053030,바이넥스,제조,제약,제약
053050,지에스이,유틸리티,전기·가스,가스
053060,세동,제조,운송장비·부품,자동차부품
053080,케이엔솔,제조,기계·장비,일반 목적용 기계
053160,프리엠스,제조,전기·전자,"전동기, 발전기 및 전기 변환 · 공급 · 제어 장치"
053210,스카이라이프,오락·문화,미디어/엔터,미디어/콘텐츠
053260,금강철강,제조,금속,철강
053270,구영테크,제조,운송장비·부품,자동차부품
053280,예스24,유통,생활소비재,화장품
053290,NE능률,오락·문화,오락·문화,"서적, 잡지 및 기타 인쇄물 출판"
053300,한국정보인증,서비스,IT서비스,소프트웨어
053350,이니텍,서비스,IT서비스,소프트웨어
053450,세코닉스,제조,의료·정밀기기,사진장비 및 광학기기
053580,웹케시,서비스,IT서비스,소프트웨어
053610,프로텍,제조,기계·장비,특수 목적용 기계
053620,태양,제조,금속,금속가공
053690,한미글로벌,일반서비스,일반서비스,"건축기술, 엔지니어링 및 관련 기술 서비스"
053700,삼보모터스,제조,운송장비·부품,자동차부품
053800,안랩,서비스,IT서비스,소프트웨어
053950,경남제약,제조,제약,제약
053980,오상자이엘,서비스,IT서비스,소프트웨어
054040,한국컴퓨터,제조,전기·전자,전자부품
054050,농우바이오,기타,기타,작물 재배
054090,삼진엘앤디,제조,기타제조,디스플레이
054180,메디콕스,제조,운송장비·부품,조선
054210,이랜텍,제조,전기·전자,전자부품
054220,비츠로시스,제조,전기·전자,"전동기, 발전기 및 전기 변환 · 공급 · 제어 장치"
054300,팬스타엔터프라이즈,제조,기계·장비,일반 목적용 기계
054410,케이피티유,제조,금속,금속가공
054450,텔레칩스,제조,전기·전자,반도체
054540,삼영엠텍,제조,금속,"구조용 금속제품, 탱크 및 증기발생기"
054620,APS,금융,전기·전자,반도체
054670,대한뉴팜,제조,제약,제약
054780,키이스트,오락·문화,미디어/엔터,미디어/콘텐츠
054800,아이디스홀딩스,일반서비스,일반서비스,기타 전문 서비스
054920,한컴위드,서비스,IT서비스,소프트웨어
054930,유신,일반서비스,일반서비스,"건축기술, 엔지니어링 및 관련 기술 서비스"
054940,엑사이엔씨,건설,건설,실내건축 및 건축마무리 공사
054950,제이브이엠,제조,기계·장비,조선
055490,테이팩스,제조,화학,이차전지
055550,신한지주,금융,금융,은행
056080,유진로봇,제조,기계·장비,특수 목적용 기계
056090,시지메드텍,제조,의료·정밀기기,의료기기
056190,에스에프에이,제조,기계·장비,이차전지
056360,코위버,제조,전기·전자,통신장비
056700,신화인터텍,제조,화학,디스플레이
056730,CNT85,건설,건설,건설
057030,YBM넷,일반서비스,일반서비스,교육지원 서비스
057050,현대홈쇼핑,유통,전기·전자,가전/전자제품
057540,옴니시스템,제조,의료·정밀기기,"측정, 시험, 항해, 제어 및 기타 정밀기기; 광학기기 제외"
057680,티사이언티픽,서비스,IT서비스,소프트웨어
058110,멕아이씨에스,제조,의료·정밀기기,의료기기
058400,KNN,오락·문화,미디어/엔터,미디어/콘텐츠
058430,포스코스틸리온,제조,금속,철강
058450,한주에이알티,오락·문화,미디어/엔터,미디어/콘텐츠
058470,리노공업,제조,전기·전자,전자부품
058610,에스피지,제조,전기·전자,"전동기, 발전기 및 전기 변환 · 공급 · 제어 장치"
058630,엠게임,서비스,IT서비스,소프트웨어
058650,세아홀딩스,제조,금속,철강
058730,다스코,제조,금속,"구조용 금속제품, 탱크 및 증기발생기"
058820,CMG제약,제조,제약,제약
058850,KTcs,IT 서비스,IT 서비스,기타 정보 서비스
058860,KTis,IT 서비스,IT 서비스,기타 정보 서비스
058970,엠로,서비스,IT서비스,소프트웨어
059090,미코,제조,전기·전자,반도체
059100,아이컴포넌트,제조,전기·전자,전자부품
059120,아진엑스텍,제조,전기·전자,반도체
059210,메타바이오메드,제조,제약,의료용품 및 기타 의약 관련제품
059270,해성에어로보틱스,제조,금속,금속가공
060150,인선이엔티,일반서비스,일반서비스,폐기물 처리
060230,제이케이시냅스,제조,화학,기타 화학제품
060240,스타코링크,제조,운송장비·부품,조선
060250,NHN KCP,금융,금융,금융 지원 서비스
060260,뉴보텍,제조,화학,플라스틱제품
060280,큐렉소,유통,유통,기타 상품 전문 소매
060310,3S,제조,의료·정밀기기,반도체
060370,LS마린솔루션,건설,건설,전기 및 통신 공사
060380,동양에스텍,제조,금속,철강
060480,국일신동,제조,금속,비철금속
060540,에스에이티,제조,의료·정밀기기,"측정, 시험, 항해, 제어 및 기타 정밀기기; 광학기기 제외"
060560,HC홈센타,유통,유통,기타 전문 도매
060570,드림어스컴퍼니,오락·문화,미디어/엔터,미디어/콘텐츠
060590,씨티씨바이오,제조,제약,제약
060720,KH바텍,제조,전기·전자,전자부품
060850,영림원소프트랩,서비스,IT서비스,소프트웨어
060900,에이전트AI,유틸리티,전기·가스,전력
060980,HL홀딩스,금융,운송장비·부품,자동차
061040,알에프텍,제조,전기·전자,통신장비
061090,세나테크놀로지,제조,전기·전자,통신장비
061250,화일약품,제조,제약,제약
061970,LB세미콘,제조,전기·전자,반도체
062040,산일전기,제조,전기·전자,"전동기, 발전기 및 전기 변환 · 공급 · 제어 장치"
062970,한국첨단소재,제조,전기·전자,통신장비
063080,컴투스홀딩스,서비스,IT서비스,소프트웨어
063160,종근당바이오,제조,제약,제약
063170,서울옥션,유통,유통,상품 중개
063440,SM Life Design,제조,출판·매체복제,기록매체 복제
063570,NICE인프라,일반서비스,일반서비스,기타 사지원 서비스
063760,이엘피,제조,의료·정밀기기,디스플레이
064090,인크레더블버즈,유통,유통,상품 종합 도매
064240,홈캐스트,유통,유통,기타 전문 도매
064260,다날,서비스,IT서비스,소프트웨어
064290,인텍플러스,제조,기계·장비,반도체
064350,현대로템,제조,운송장비·부품,조선
064400,LG씨엔에스,IT 서비스,IT서비스,소프트웨어
064480,브리지텍,서비스,IT서비스,소프트웨어
064520,테크엘,제조,전기·전자,반도체
064550,바이오니아,제조,제약,의료용품 및 기타 의약 관련제품
064760,티씨케이,제조,비금속,반도체
064800,포니링크,유통,섬유·의류,섬유/의류
064820,케이프,제조,운송장비·부품,조선
064850,에프앤가이드,기타,기타,기타 정보 서비스
064960,SNT모티브,제조,운송장비·부품,자동차부품
065060,지엔코,제조,섬유·의류,섬유/의류
065130,탑엔지니어링,제조,기계·장비,디스플레이
065150,대산F&B,유통,음식료·담배,음식료
065170,비엘팜텍,유통,음식료·담배,음식료
065350,신성델타테크,제조,전기·전자,디스플레이
065370,위세아이텍,서비스,IT서비스,소프트웨어
065420,에스아이리소스,제조,화학,기타 화학제품
065440,이루온,서비스,IT서비스,소프트웨어
065450,빅텍,제조,의료·정밀기기,"측정, 시험, 항해, 제어 및 기타 정밀기기; 광학기기 제외"
065500,오리엔트정공,제조,운송장비·부품,자동차부품
065510,휴비츠,제조,의료·정밀기기,의료기기
065530,와이어블,제조,전기·전자,통신장비
065570,삼영이엔씨,제조,전기·전자,통신장비
065650,하이퍼코퍼레이션,유통,유통,기계장비 및 관련 물품 도매
065660,안트로젠,유통,건강관리,바이오
065680,우주일렉트로,제조,전기·전자,전자부품
065690,파커스,제조,화학,고무제품
065710,서호전기,제조,전기·전자,"전동기, 발전기 및 전기 변환 · 공급 · 제어 장치"
065770,CS,제조,전기·전자,통신장비
065950,웰크론,제조,섬유·의류,직물직조 및 직물제품
066130,하츠,제조,전기·전자,가정용 기기
066310,큐에스아이,제조,전기·전자,반도체
066360,체리부로,제조,음식료·담배,"도축, 육류 가공 및 저장 처리"
066410,버킷스튜디오,기타,기타,전기 통신
066430,아이로보틱스,유통,유통,기타 전문 도매
066570,LG전자,제조,전기·전자,디스플레이
066590,우수AMS,제조,운송장비·부품,자동차부품
066620,국보디자인,건설,건설,실내건축 및 건축마무리 공사
066670,디티씨,제조,전기·전자,전자부품
066700,테라젠이텍스,제조,제약,제약
066790,씨씨에스,오락·문화,미디어/엔터,미디어/콘텐츠
066900,디에이피,제조,전기·전자,전자부품
066910,손오공,유통,유통,기타 전문 도매
066970,엘앤에프,제조,전기·전자,이차전지
066980,한성크린텍,일반서비스,일반서비스,"건축기술, 엔지니어링 및 관련 기술 서비스"
067000,조이시티,서비스,IT서비스,소프트웨어
067010,이씨에스,서비스,IT서비스,소프트웨어
067080,대화제약,제조,제약,제약
067160,SOOP,서비스,IT서비스,소프트웨어
067170,오텍,제조,운송장비·부품,자동차 재제조 부품
067280,멀티캠퍼스,일반서비스,일반서비스,기타 교육기관
067290,JW신약,제조,제약,제약
067310,하나마이크론,제조,전기·전자,반도체
067370,선바이오,제조,제약,제약
067390,아스트,제조,운송장비·부품,"항공기,우주선 및 부품"
067570,엔브이에이치코리아,제조,운송장비·부품,자동차부품
067630,HLB생명과학,제조,제약,의료용품 및 기타 의약 관련제품
067730,로지시스,서비스,IT서비스,소프트웨어
067770,세진티에스,제조,전기·전자,전자부품
067830,세이브존I&C,유통,유통,유통
067900,와이엔텍,일반서비스,일반서비스,폐기물 처리
067920,이글루,기타,기타,기타 정보 서비스
067990,도이치모터스,유통,유통,자동차 판매
068050,팬엔터테인먼트,오락·문화,미디어/엔터,미디어/콘텐츠
068100,케이웨더,제조,기계·장비,일반 목적용 기계
068240,다원시스,제조,전기·전자,조선
068270,셀트리온,제조,제약,바이오
068290,삼성출판사,오락·문화,오락·문화,"서적, 잡지 및 기타 인쇄물 출판"
068330,일신바이오,제조,기계·장비,일반 목적용 기계
068760,셀트리온제약,제조,제약,제약
068790,DMS,제조,기계·장비,디스플레이
068930,디지털대성,일반서비스,일반서비스,일반 교습 학원
068940,셀피글로벌,제조,전기·전자,전자부품
069080,웹젠,서비스,IT서비스,소프트웨어
069140,누리플랜,제조,금속,"구조용 금속제품, 탱크 및 증기발생기"
069260,TKG휴켐스,제조,화학,에너지/화학
069330,유아이디,제조,전기·전자,전자부품
069410,엔텔스,서비스,IT서비스,소프트웨어
069460,대호에이엘,제조,금속,비철금속
069510,에스텍,제조,전기·전자,가전/전자제품
069540,빛과전자,제조,전기·전자,통신장비
069620,대웅제약,제조,제약,제약
069640,한세엠케이,유통,섬유·의류,섬유/의류
069730,DSR제강,제조,금속,철강
069920,엑시온그룹,유통,유통,무점포 소매
069960,현대백화점,유통,유통,유통
070300,엑스큐어,서비스,IT서비스,소프트웨어
070590,한솔인티큐브,서비스,IT서비스,소프트웨어
070960,모나용평,일반서비스,서비스,호텔/레저
071050,한국금융지주,금융,금융,증권
071090,하이스틸,제조,금속,철강
071200,인피니트헬스케어,서비스,IT서비스,소프트웨어
071280,로체시스템즈,제조,기계·장비,디스플레이
071320,지역난방공사,전기·가스,전기·가스,"증기, 냉·온수 및 공기조절 공급"
071670,에이테크솔루션,제조,기계·장비,가전/전자제품
071840,롯데하이마트,유통,전기·전자,통신장비
071850,캐스텍코리아,제조,운송장비·부품,자동차부품
071950,코아스,제조,제조,가구
071970,HD현대마린엔진,제조,기계·장비,일반 목적용 기계
072020,중앙백신,제조,제약,기초 의약물질
072130,유엔젤,IT 서비스,IT서비스,인터넷서비스
072470,우리산업홀딩스,제조,운송장비·부품,자동차부품
072710,농심홀딩스,금융,금융,기타 금융
072770,멤레이비티,서비스,IT서비스,소프트웨어
072870,메가스터디,오락·문화,오락·문화,"서적, 잡지 및 기타 인쇄물 출판"
072950,빛샘전자,제조,전기·전자,전자부품
072990,에이치시티,일반서비스,일반서비스,기타 과학기술 서비스
073010,케이에스피,제조,기계·장비,일반 목적용 기계
073110,엘엠에스,제조,전기·전자,전자부품
073190,듀오백,제조,기타제조,가구
073240,금호타이어,제조,화학,자동차
073490,이노와이어리스,제조,전기·전자,통신장비
073540,에프알텍,제조,전기·전자,통신장비
073560,우리손에프앤지,제조,음식료·담배,"도축, 육류 가공 및 저장 처리"
073570,리튬포어스,제조,기타제조,그외 기타 제품
073640,테라사이언스,제조,금속,금속가공
074430,아미노로직스,제조,제약,기초 의약물질
074600,원익QnC,제조,비금속,반도체
074610,이엔플러스,제조,기계·장비,일반 목적용 기계
075130,플랜티넷,서비스,IT서비스,소프트웨어
075180,새론오토모티브,제조,운송장비·부품,자동차부품
075580,세진중공업,제조,운송장비·부품,조선
075970,동국알앤에스,제조,비금속,기타 비금속 광물제품
076080,웰크론한텍,건설,건설,건설
076610,해성옵틱스,제조,의료·정밀기기,전자부품
077360,덕산하이메탈,제조,전기·전자,반도체
077500,유니퀘스트,유통,전기·전자,반도체
077970,STX엔진,제조,기계·장비,일반 목적용 기계
078000,텔코웨어,IT 서비스,IT서비스,인터넷서비스
078020,LS증권,금융,금융,금융 지원 서비스
078070,유비쿼스홀딩스,금융,금융,기타 금융
078130,국일제지,제조,종이·목재,종이/포장
078140,대봉엘에스,제조,제약,제약
078150,HB테크놀러지,제조,기계·장비,디스플레이
078160,메디포스트,제조,제약,바이오
078340,컴투스,서비스,IT서비스,소프트웨어
078350,한양디지텍,제조,전기·전자,반도체
078520,에이블씨엔씨,제조,화학,화장품
078590,휴림에이텍,제조,운송장비·부품,자동차부품
078600,대주전자재료,제조,전기·전자,전자부품
078860,스테이지원엔터,오락·문화,미디어/엔터,미디어/콘텐츠
078890,가온그룹,제조,전기·전자,통신장비
078930,GS,금융,금융,에너지/화학
079000,와토스코리아,제조,화학,플라스틱제품
079160,CJ CGV,오락·문화,미디어/엔터,미디어/콘텐츠
079170,한창산업,제조,금속,비철금속
079190,케스피온,제조,전기·전자,통신장비
079370,제우스,제조,기계·장비,디스플레이
079430,현대리바트,제조,제조,가구
079550,LIG넥스원,제조,금속,무기 및 총포탄
079650,서산,제조,비금속,"시멘트, 석회, 플라스터 및 그 제품"
079810,디이엔티,제조,전기·전자,기타 전기장비
079900,전진건설로봇,제조,기계·장비,특수 목적용 기계
079940,가비아,서비스,IT서비스,소프트웨어
079950,인베니아,제조,기계·장비,디스플레이
079960,동양이엔피,제조,전기·전자,통신장비
079970,투비소프트,서비스,IT서비스,소프트웨어
079980,휴비스,제조,화학,화학섬유
080010,이상네트웍스,유통,유통,상품 중개
080160,모두투어,일반서비스,서비스,여행
080220,제주반도체,제조,전기·전자,반도체
080420,모다이노칩,유통,섬유·의류,섬유/의류
080470,성창오토텍,제조,운송장비·부품,자동차부품
080520,오디텍,제조,전기·전자,반도체
080530,코디,제조,화학,화장품
080580,오킨스전자,제조,전기·전자,전자부품
080720,한국유니온제약,제조,제약,제약
081000,일진다이아,제조,화학,기타 화학제품
081150,티플랙스,제조,금속,비철금속
081180,쎄크,제조,기계·장비,일반 목적용 기계
081580,성우전자,제조,전기·전자,통신장비
081660,미스토홀딩스,유통,생활소비재,화장품
082210,옵트론텍,제조,의료·정밀기기,사진장비 및 광학기기
082270,젬백스,제조,기계·장비,반도체
082640,동양생명,금융,보험,보험
082660,코스나인,제조,화학,화장품
082740,한화엔진,제조,기계·장비,조선
082800,비보존 제약,제조,제약,제약
082850,우리바이오,제조,음식료·담배,기타 식품
082920,비츠로셀,제조,전기·전자,이차전지
083310,엘오티베큠,제조,기계·장비,반도체
083420,그린케미칼,제조,화학,기타 화학제품
083450,GST,제조,기계·장비,특수 목적용 기계
083470,이엠앤아이,제조,화학,화학
083500,에프엔에스테크,제조,기계·장비,디스플레이
083550,케이엠,제조,섬유·의류,섬유/의류
083640,인콘,유통,유통,상품 종합 도매
083650,비에이치아이,제조,기계·장비,일반 목적용 기계
083660,CSA 코스믹,제조,화학,화장품
083790,CG인바이츠,일반서비스,건강관리,바이오
083930,아바코,제조,기계·장비,디스플레이
084010,대한제강,제조,금속,철강
084110,휴온스글로벌,제조,제약,제약
084180,수성웹툰,제조,기계·장비,일반 목적용 기계
084370,유진테크,제조,기계·장비,반도체
084440,유비온,서비스,IT서비스,소프트웨어
084650,랩지노믹스,일반서비스,건강관리,바이오
084670,동양고속,운송·창고,운송·창고,육상 여객 운송
084680,이월드,제조,제조,귀금속 및 장신용품
084690,대상홀딩스,금융,금융,기타 금융
084730,팅크웨어,제조,전기·전자,통신장비
084850,아이티엠반도체,제조,전기·전자,전자부품
084870,TBH글로벌,제조,섬유·의류,섬유/의류
084990,헬릭스미스,일반서비스,건강관리,바이오
085310,엔케이,제조,금속,조선
085620,미래에셋생명,금융,보험,보험
085660,차바이오텍,제조,제약,바이오
085670,뉴프렉스,제조,전기·전자,전자부품
085810,알티캐스트,서비스,IT서비스,소프트웨어
085910,네오티스,제조,운송장비·부품,자동차부품
086040,바이오톡스텍,일반서비스,건강관리,바이오
086060,진바이오텍,유통,유통,산용 농·축산물 및 동·식물 도매
086280,현대글로비스,운송·창고,운송·창고,운송
086390,유니테스트,제조,기계·장비,반도체
086450,동국제약,제조,제약,제약
086520,에코프로,금융,전기·전자,이차전지
086670,비엠티,제조,기계·장비,일반 목적용 기계
086710,선진뷰티사이언스,제조,화학,화장품
086790,하나금융지주,금융,금융,은행
086820,바이오솔루션,제조,제약,바이오
086890,이수앱지스,제조,제약,바이오
086900,메디톡스,제조,제약,제약
086960,MDS테크,서비스,IT서비스,소프트웨어
086980,쇼박스,오락·문화,미디어/엔터,미디어/콘텐츠
087010,펩트론,제조,제약,제약
087260,모바일어플라이언스,서비스,IT서비스,소프트웨어
087600,픽셀플러스,제조,전기·전자,전자부품
088130,동아엘텍,제조,기계·장비,디스플레이
088280,쏘닉스,제조,전기·전자,반도체
088290,이원컴포텍,제조,운송장비·부품,자동차부품
088340,유라클,서비스,IT서비스,소프트웨어
088350,한화생명,금융,보험,보험
088390,이녹스,제조,운송장비·부품,그외 기타 운송장비
088790,진도,유통,유통,기타 전문 도매
088800,에이스테크,제조,전기·전자,통신장비
088910,동우팜투테이블,제조,음식료·담배,"도축, 육류 가공 및 저장 처리"
089010,켐트로닉스,제조,화학,기타 화학제품
089030,테크윙,제조,기계·장비,반도체
089140,넥스턴앤롤코리아,제조,기계·장비,특수 목적용 기계
089150,케이씨티,서비스,IT서비스,소프트웨어
089230,THE E&M,기타,기타,기타 정보 서비스
089470,HDC현대EP,제조,화학,기타 화학제품
089590,제주항공,운송·창고,운송·창고,운송
089600,KT나스미디어,일반서비스,미디어/엔터,광고/마케팅
089790,제이티,제조,기계·장비,반도체
089850,유비벨록스,서비스,IT서비스,소프트웨어
089860,롯데렌탈,일반서비스,일반서비스,운송장비 임대
089890,코세스,제조,기계·장비,반도체
089970,브이엠,제조,기계·장비,특수 목적용 기계
089980,상아프론테크,제조,화학,이차전지
090080,평화산업,제조,운송장비·부품,자동차부품
090150,아이윈,제조,운송장비·부품,자동차부품
090350,노루페인트,제조,화학,기타 화학제품
090360,로보스타,제조,기계·장비,특수 목적용 기계
090370,메타랩스,제조,섬유·의류,섬유/의류
090410,덕신이피씨,제조,금속,"구조용 금속제품, 탱크 및 증기발생기"
090430,아모레퍼시픽,제조,화학,화장품
090460,비에이치,제조,전기·전자,전자부품
090470,제이스텍,제조,기계·장비,디스플레이
090710,휴림로봇,제조,기계·장비,특수 목적용 기계
090850,현대이지웰,서비스,IT서비스,소프트웨어
091120,이엠텍,제조,전기·전자,전자부품
091340,S&K폴리텍,제조,전기·전자,전자부품
091440,한울소재과학,제조,전기·전자,통신장비
091580,상신이디피,제조,전기·전자,이차전지
091590,남화토건,건설,건설,건설
091700,파트론,제조,전기·전자,전자부품
091810,티웨이항공,운송·창고,운송·창고,항공 여객 운송
091970,나노캠텍,제조,화학,플라스틱제품
092040,아미코젠,제조,음식료·담배,바이오
092070,디엔에프,제조,화학,반도체
092130,이크레더블,기타,기타,기타 정보 서비스
092190,서울바이오시스,제조,전기·전자,반도체
092200,디아이씨,제조,운송장비·부품,자동차부품
092220,KEC,제조,전기·전자,반도체
092230,KPX홀딩스,제조,화학,화학
092300,현우산업,제조,전기·전자,전자부품
092440,기신정기,제조,기계·장비,특수 목적용 기계
092460,한라IMS,제조,운송장비·부품,조선
092600,앤씨앤,제조,전기·전자,반도체
092730,네오팜,제조,화학,기타 화학제품
092780,DYP,제조,운송장비·부품,자동차
092790,넥스틸,제조,금속,철강
092870,엑시콘,제조,기계·장비,반도체
093050,LF,제조,섬유·의류,섬유/의류
093190,빅솔론,제조,전기·전자,컴퓨터 및 주변장치
093240,형지엘리트,제조,섬유·의류,섬유/의류
093320,케이아이엔엑스,서비스,IT서비스,인터넷서비스
093370,후성,제조,화학,화학
093380,풍강,제조,금속,금속가공
093520,매커스,유통,전기·전자,반도체
093640,케이알엠,제조,전기·전자,반도체
093920,서원인텍,제조,전기·전자,통신장비
094170,동운아나텍,제조,전기·전자,반도체
094280,효성ITX,일반서비스,일반서비스,기타 사지원 서비스
094360,칩스앤미디어,제조,전기·전자,반도체
094480,갤럭시아머니트리,서비스,IT서비스,소프트웨어
094820,일진파워,건설,건설,전기 및 통신 공사
094840,슈프리마에이치큐,제조,전기·전자,통신장비
094850,참좋은여행,일반서비스,서비스,여행
094860,네오리진,서비스,IT서비스,소프트웨어
094940,푸른기술,제조,전기·전자,컴퓨터 및 주변장치
094970,제이엠티,제조,전기·전자,전자부품
095190,이엠코리아,제조,금속,금속가공
095270,웨이브일렉트로,제조,의료·정밀기기,"측정, 시험, 항해, 제어 및 기타 정밀기기; 광학기기 제외"
095340,ISC,유통,전기·전자,반도체
095500,미래나노텍,제조,화학,디스플레이
095570,AJ네트웍스,일반서비스,일반서비스,산용 기계 및 장비 임대
095610,테스,제조,기계·장비,반도체
095660,네오위즈,서비스,IT서비스,소프트웨어
095700,제넥신,일반서비스,건강관리,바이오
095720,웅진씽크빅,일반서비스,일반서비스,초등 교육기관
095910,에스에너지,제조,전기·전자,"전동기, 발전기 및 전기 변환 · 공급 · 제어 장치"
096240,크레버스,일반서비스,일반서비스,일반 교습 학원
096250,와이즈넛,서비스,IT서비스,소프트웨어
096350,대창솔루션,제조,금속,"구조용 금속제품, 탱크 및 증기발생기"
096530,씨젠,제조,제약,바이오
096610,알에프세미,제조,전기·전자,반도체
096630,에스코넥,제조,전기·전자,통신장비
096690,에이루트,제조,전기·전자,컴퓨터 및 주변장치
096760,JW홀딩스,금융,건강관리,제약
096770,SK이노베이션,제조,화학,정유
096870,엘디티,제조,전기·전자,반도체
097230,HJ중공업,건설,건설,건설
097520,엠씨넥스,제조,전기·전자,전자부품
097780,에코볼트,제조,운송장비·부품,자동차부품
097800,윈팩,제조,전기·전자,반도체
097870,효성오앤비,제조,화학,"비료, 농약 및 살균, 살충제"
097950,CJ제일제당,제조,음식료·담배,제약
098070,한텍,제조,기계·장비,일반 목적용 기계
098120,마이크로컨텍솔,제조,전기·전자,전자부품
098460,고영,제조,기계·장비,반도체
098660,에스티오,제조,섬유·의류,섬유/의류
099190,아이센스,제조,의료·정밀기기,의료기기
099220,SDN,유통,유통,기계장비 및 관련 물품 도매
099320,쎄트렉아이,제조,운송장비·부품,"항공기,우주선 및 부품"
099390,브레인즈컴퍼니,서비스,IT서비스,소프트웨어
099410,동방선기,제조,운송장비·부품,조선
099430,바이오플러스,제조,제약,기초 의약물질
099440,스맥,제조,기계·장비,특수 목적용 기계
099520,DGI,제조,전기·전자,가전/전자제품
099750,이지케어텍,서비스,IT서비스,소프트웨어
100030,인지소프트,서비스,IT서비스,소프트웨어
100090,SK오션플랜트,제조,금속,철강
100120,뷰웍스,제조,의료·정밀기기,의료기기
100130,동국S&C,제조,금속,건설
100220,비상교육,오락·문화,오락·문화,"서적, 잡지 및 기타 인쇄물 출판"
100250,진양홀딩스,제조,화학,플라스틱제품
100590,머큐리,제조,전기·전자,통신장비
100660,서암기계공업,제조,기계·장비,일반 목적용 기계
100700,세운메디칼,제조,제약,의료용품 및 기타 의약 관련제품
100790,미래에셋벤처투자,금융,금융,기타 금융
100840,SNT에너지,제조,기계·장비,일반 목적용 기계
101000,KS인더스트리,제조,기계·장비,특수 목적용 기계
101140,인바이오젠,유통,유통,기계장비 및 관련 물품 도매
101160,월덱스,제조,전기·전자,전자부품
101170,우림피티에스,제조,기계·장비,일반 목적용 기계
101240,씨큐브,제조,화학,화학
101330,모베이스,제조,전기·전자,통신장비
101360,에코앤드림,제조,화학,이차전지
101390,아이엠,제조,전기·전자,전자부품
101400,엔시트론,제조,전기·전자,반도체
101490,에스앤에스텍,제조,전기·전자,전자부품
101530,해태제과식품,제조,음식료·담배,기타 식품
101670,하이드로리튬,제조,금속,"구조용 금속제품, 탱크 및 증기발생기"
101680,한국정밀기계,제조,기계·장비,특수 목적용 기계
101730,위메이드맥스,서비스,IT서비스,소프트웨어
101930,인화정공,제조,운송장비·부품,조선
101970,우양에이치씨,제조,금속,"구조용 금속제품, 탱크 및 증기발생기"
102120,어보브반도체,제조,전기·전자,반도체
102260,동성케미컬,제조,화학,화학
102370,케이옥션,유통,유통,상품 중개
102460,이연제약,제조,제약,제약
102710,이엔에프테크놀로지,제조,화학,디스플레이
102940,코오롱생명과학,제조,제약,바이오
103140,풍산,제조,금속,비철금속
103230,에스앤더블류,제조,기계·장비,일반 목적용 기계
103590,일진전기,제조,전기·전자,절연선 및 케이블
103840,우양,제조,음식료·담배,"과실, 채소 가공 및 저장 처리"
104040,대성파인텍,제조,운송장비·부품,자동차부품
104200,NHN벅스,서비스,IT서비스,소프트웨어
104460,디와이피엔에프,제조,기계·장비,일반 목적용 기계
104480,티케이케미칼,제조,화학,화학섬유
104540,코렌텍,제조,의료·정밀기기,의료기기
104620,노랑풍선,일반서비스,서비스,여행
104700,한국철강,제조,금속,철강
104830,원익머트리얼즈,제조,화학,화학
105330,케이엔더블유,제조,운송장비·부품,자동차부품
105550,엣지파운드리,제조,전기·전자,전자부품
105560,KB금융,금융,금융,은행
105630,한세실업,제조,섬유·의류,섬유/의류
105740,디케이락,제조,기계·장비,일반 목적용 기계
105760,포스뱅크,제조,기계·장비,일반 목적용 기계
105840,우진,제조,의료·정밀기기,"측정, 시험, 항해, 제어 및 기타 정밀기기; 광학기기 제외"
106080,케이이엠텍,제조,전기·전자,전자부품
106190,하이텍팜,제조,제약,제약
106240,파인테크닉스,제조,전기·전자,전구 및 조명장치
106520,노블엠앤비,제조,의료·정밀기기,사진장비 및 광학기기
107590,미원홀딩스,금융,금융,기타 금융
107600,새빗켐,제조,화학,기타 화학제품
107640,한중엔시에스,제조,전기·전자,이차전지
108230,톱텍,제조,기계·장비,디스플레이
108320,LX세미콘,제조,전기·전자,반도체
108380,대양전기공업,제조,운송장비·부품,조선
108490,로보티즈,제조,기계·장비,특수 목적용 기계
108670,LX하우시스,제조,화학,건설
108860,셀바스AI,서비스,IT서비스,소프트웨어
109070,주성코퍼레이션,제조,전기·전자,통신장비
109080,옵티시스,제조,전기·전자,통신장비
109610,에스와이,제조,금속,"구조용 금속제품, 탱크 및 증기발생기"
109670,씨싸이트,제조,섬유·의류,섬유/의류
109740,디에스케이,제조,기계·장비,이차전지
109820,진매트릭스,일반서비스,건강관리,바이오
109860,동일금속,제조,금속,금속 주조
109960,앱토크롬,유통,건강관리,제약
110020,전진바이오팜,제조,화학,기타 화학제품
110790,크리스에프앤씨,제조,섬유·의류,섬유/의류
110990,디아이티,제조,기계·장비,디스플레이
111110,호전실업,제조,섬유·의류,섬유/의류
111380,동인기연,제조,섬유·의류,"가죽, 가방 및 유사제품"
111710,남화산업,오락·문화,오락·문화,스포츠 서비스
111770,영원무역,유통,유통,상품 종합 도매
112040,위메이드,서비스,IT서비스,소프트웨어
112290,와이씨켐,제조,화학,디스플레이
112610,씨에스윈드,제조,금속,조선
113810,디젠스,제조,운송장비·부품,자동차부품
114090,GKL,오락·문화,서비스,레저
114190,강원에너지,제조,전기·전자,기타 전기장비
114450,그린생명과학,제조,제약,제약
114630,폴라리스우노,제조,화학,화학섬유
114810,한솔아이원스,제조,기계·장비,디스플레이
114840,아이패밀리에스씨,제조,화학,화장품
115160,휴맥스,제조,전기·전자,가전/전자제품
115180,큐리언트,일반서비스,건강관리,바이오
115310,인포바인,기타,기타,전기 통신
115440,우리넷,제조,전기·전자,통신장비
115450,HLB테라퓨틱스,유통,유통,기타 전문 도매
115480,씨유메디칼,제조,의료·정밀기기,의료기기
115500,케이씨에스,서비스,IT서비스,소프트웨어
115530,씨엔플러스,제조,전기·전자,전자부품
115570,스타플렉스,제조,화학,플라스틱제품
115610,이미지스,제조,전기·전자,반도체
117580,대성에너지,전기·가스,전기·가스,가스
117670,알파칩스,제조,전기·전자,반도체
117730,티로보틱스,제조,기계·장비,특수 목적용 기계
118000,메타케어,유통,건강관리,제약
118990,모트렉스,제조,운송장비·부품,자동차부품
119500,포메탈,제조,금속,금속가공
119610,인터로조,제조,의료·정밀기기,의료기기
119650,KC코트렐,제조,기계·장비,일반 목적용 기계
119830,아이텍,일반서비스,전기·전자,반도체
119850,지엔씨에너지,제조,전기·전자,"전동기, 발전기 및 전기 변환 · 공급 · 제어 장치"
120030,조선선재,제조,금속,금속가공
120110,코오롱인더,제조,화학,에너지/화학
120240,대정화금,제조,화학,화학
121440,골프존홀딩스,유통,유통,상품 중개
121600,나노신소재,제조,화학,반도체
121800,비덴트,제조,전기·전자,디스플레이
121850,코이즈,제조,화학,플라스틱제품
121890,에스디시스템,제조,전기·전자,전자부품
122310,제노레이,제조,의료·정밀기기,의료기기
122350,삼기,제조,운송장비·부품,자동차부품
122450,KX,오락·문화,미디어/엔터,미디어/콘텐츠
122640,예스티,제조,기계·장비,디스플레이
122690,서진오토모티브,제조,운송장비·부품,자동차부품
122870,와이지엔터테인먼트,오락·문화,오락·문화,오디오물 출판 및 원판 녹음
122900,아이마켓코리아,유통,유통,상품 종합 도매
122990,와이솔,제조,전기·전자,전자부품
123010,알엔티엑스,제조,전기·전자,전자부품
123040,엠에스오토텍,제조,운송장비·부품,자동차부품
123330,제닉,제조,화학,화장품
123410,코리아에프티,제조,운송장비·부품,자동차부품
123420,위메이드플레이,서비스,IT서비스,소프트웨어
123570,이엠넷,일반서비스,미디어/엔터,광고/마케팅
123690,한국화장품,유통,생활소비재,화장품
123700,SJM,제조,운송장비·부품,자동차부품
123750,알톤,제조,운송장비·부품,그외 기타 운송장비
123840,뉴온,제조,음식료·담배,기타 식품
123860,아나패스,제조,전기·전자,반도체
123890,한국자산신탁,금융,금융,신탁 및 집합투자
124500,아이티센글로벌,서비스,IT서비스,소프트웨어
124560,태웅로직스,운송·창고,운송·창고,기타 운송관련 서비스
125020,티씨머티리얼즈,제조,전기·전자,절연선 및 케이블
125210,아모그린텍,제조,전기·전자,전자부품
125490,한라캐스트,제조,운송장비·부품,자동차부품
126340,비나텍,제조,전기·전자,이차전지
126560,현대퓨처넷,통신,통신,미디어/통신
126600,BGF에코머티리얼즈,제조,화학,화학
126640,화신정공,제조,운송장비·부품,자동차부품
126700,하이비젼시스템,제조,의료·정밀기기,전자부품
126720,수산인더스트리,건설,건설,건물설비 설치 공사
126730,코칩,제조,전기·전자,전자부품
126880,제이엔케이글로벌,제조,기계·장비,일반 목적용 기계
127120,제이에스링크,일반서비스,건강관리,바이오
127710,아시아경제,서비스,IT서비스,인터넷서비스
127980,화인써키트,제조,전기·전자,전자부품
128540,에코캡,제조,운송장비·부품,자동차부품
128660,피제이메탈,제조,금속,비철금속
128820,대성산업,유통,유통,연료 소매
128940,한미약품,제조,제약,제약
129260,인터지스,운송·창고,운송·창고,도로 화물 운송
129890,앱코,제조,전기·전자,가전/전자제품
129920,대성하이텍,제조,기계·장비,특수 목적용 기계
130500,GH신소재,제조,섬유·의류,섬유/의류
130580,나이스디앤비,일반서비스,일반서비스,기타 사지원 서비스
130660,한전산업,일반서비스,일반서비스,"건축기술, 엔지니어링 및 관련 기술 서비스"
130740,티피씨글로벌,제조,운송장비·부품,자동차부품
131030,옵투스제약,제조,제약,제약
131090,시큐브,서비스,IT서비스,소프트웨어
131100,티엔엔터테인먼트,오락·문화,미디어/엔터,미디어/콘텐츠
131180,딜리,제조,전기·전자,컴퓨터 및 주변장치
131220,대한과학,유통,유통,기계장비 및 관련 물품 도매
131290,티에스이,제조,의료·정밀기기,"측정, 시험, 항해, 제어 및 기타 정밀기기; 광학기기 제외"
131370,알서포트,서비스,IT서비스,소프트웨어
131400,이브이첨단소재,제조,전기·전자,전자부품
131760,파인텍,제조,기계·장비,디스플레이
131970,두산테스나,일반서비스,전기·전자,반도체
133750,메가엠디,일반서비스,일반서비스,일반 교습 학원
133820,화인베스틸,제조,금속,철강
134060,이퓨쳐,오락·문화,오락·문화,"서적, 잡지 및 기타 인쇄물 출판"
134380,미원화학,제조,화학,기타 화학제품
134580,탑코미디어,서비스,IT서비스,인터넷서비스
134790,시디즈,제조,제조,가구
136150,원일티엔아이,제조,기계·장비,일반 목적용 기계
136410,아셈스,제조,화학,플라스틱제품
136480,하림,제조,음식료·담배,"도축, 육류 가공 및 저장 처리"
136490,선진,제조,음식료·담배,동물용 사료 및 조제식품
136540,윈스테크넷,서비스,IT서비스,소프트웨어
137080,나래나노텍,제조,기계·장비,디스플레이
137310,에스디바이오센서,제조,의료·정밀기기,의료기기
137400,피엔티,제조,기계·장비,이차전지
137940,넥스트아이,제조,의료·정밀기기,디스플레이
137950,제이씨케미칼,제조,화학,기타 화학제품
138040,메리츠금융지주,금융,금융,기타 금융
138070,신진에스엠,제조,금속,금속가공
138080,오이솔루션,제조,전기·전자,통신장비
138360,앤로보틱스,제조,기계·장비,특수 목적용 기계
138490,코오롱ENP,제조,화학,화학
138610,나이벡,제조,제약,의료용품 및 기타 의약 관련제품
138930,BNK금융지주,금융,금융,은행
139050,BF랩스,서비스,IT서비스,소프트웨어
139130,iM금융지주,금융,금융,은행
139480,이마트,유통,유통,유통
139670,키네마스터,서비스,IT서비스,소프트웨어
139990,아주스틸,제조,금속,철강
140070,서플러스글로벌,유통,전기·전자,반도체
140410,메지온,일반서비스,건강관리,바이오
140430,카티스,서비스,IT서비스,소프트웨어
140520,대창스틸,제조,금속,철강
140670,알에스오토메이션,제조,전기·전자,전자부품
140860,파크시스템스,제조,의료·정밀기기,"측정, 시험, 항해, 제어 및 기타 정밀기기; 광학기기 제외"
141000,비아트론,제조,기계·장비,반도체
141080,리가켐바이오,일반서비스,건강관리,바이오
142210,유니트론텍,유통,전기·전자,반도체
142280,녹십자엠에스,제조,제약,의료용품 및 기타 의약 관련제품
142760,모아라이프플러스,일반서비스,건강관리,바이오
143160,아이디스,제조,전기·전자,통신장비
143210,핸즈코퍼레이션,제조,운송장비·부품,자동차부품
143240,사람인,서비스,IT서비스,인터넷서비스
143540,영우디에스피,제조,기계·장비,디스플레이
144510,지씨셀,일반서비스,건강관리,바이오
144960,뉴파워프라즈마,제조,기계·장비,특수 목적용 기계
145020,휴젤,제조,제약,바이오
145170,노브랜드,제조,섬유·의류,섬유/의류
145210,다이나믹디자인,제조,기계·장비,특수 목적용 기계
145720,덴티움,제조,의료·정밀기기,의료기기
145990,삼양사,제조,음식료·담배,기타 식품
146060,율촌,제조,금속,철강
146320,비씨엔씨,제조,전기·전자,반도체
147760,피엠티,제조,의료·정밀기기,반도체
147830,제룡산업,제조,금속,"구조용 금속제품, 탱크 및 증기발생기"
148150,세경하이테크,제조,전기·전자,전자부품
148250,알엔투테크놀로지,제조,전기·전자,전자부품
148780,비큐AI,서비스,IT서비스,소프트웨어
148930,에이치와이티씨,제조,금속,금속가공
149950,아바텍,제조,전기·전자,전자부품
149980,하이로닉,제조,의료·정밀기기,의료기기
150900,파수,서비스,IT서비스,소프트웨어
151860,KG에코솔루션,제조,운송장비·부품,자동차 차체나 트레일러
153460,네이블,서비스,IT서비스,소프트웨어
153490,우리이앤엘,제조,전기·전자,반도체
153710,옵티팜,제조,제약,의료용품 및 기타 의약 관련제품
154030,아시아종묘,기타,기타,작물 재배
154040,다산솔루에타,제조,전기·전자,전자부품
155650,와이엠씨,제조,전기·전자,전자부품
155660,DSR,제조,금속,비철금속
156100,엘앤케이바이오,제조,의료·정밀기기,의료기기
158430,아톤,서비스,IT서비스,소프트웨어
159010,아스플로,제조,기계·장비,일반 목적용 기계
159580,제로투세븐,유통,유통,생활용품 도매
159910,에코글로우,제조,화학,화장품
160190,하이젠알앤엠,제조,전기·전자,"전동기, 발전기 및 전기 변환 · 공급 · 제어 장치"
160550,NEW,오락·문화,미디어/엔터,미디어/콘텐츠
160980,싸이맥스,제조,기계·장비,반도체
161000,애경케미칼,제조,화학,화학
161390,한국타이어앤테크놀로지,제조,화학,자동차
161580,필옵틱스,제조,기계·장비,반도체
161890,한국콜마,제조,화학,제약
162300,신스틸,제조,금속,철강
163280,에어레인,제조,기계·장비,일반 목적용 기계
163560,동일고무벨트,제조,화학,고무제품
163730,핑거,서비스,IT서비스,소프트웨어
166090,하나머티리얼즈,제조,전기·전자,반도체
166480,코아스템켐온,제조,제약,제약
168330,내츄럴엔도텍,일반서비스,건강관리,바이오
168360,펨트론,제조,기계·장비,특수 목적용 기계
169330,엠브레인,일반서비스,일반서비스,시장조사 및 여론조사
170030,현대공업,제조,운송장비·부품,자동차부품
170790,파이오링크,제조,전기·전자,통신장비
170900,동아에스티,제조,제약,제약
170920,엘티씨,제조,화학,화학
171010,램테크놀러지,제조,화학,화학
171090,선익시스템,제조,기계·장비,디스플레이
171120,라이온켐텍,제조,화학,건설
172670,에이엘티,제조,전기·전자,반도체
173130,오파스넷,서비스,IT서비스,소프트웨어
173940,에프엔씨엔터,오락·문화,오락·문화,창작 및 예술관련 서비스
174900,앱클론,제조,제약,바이오
175140,휴먼테크놀로지,제조,전기·전자,통신장비
175250,아이큐어,제조,제약,제약
175330,JB금융지주,금융,금융,은행
176750,듀켐바이오,제조,제약,제약
177350,베셀,제조,기계·장비,디스플레이
177830,파버나인,제조,전기·전자,전자부품
177900,쓰리에이로직스,제조,전기·전자,반도체
178320,서진시스템,제조,전기·전자,통신장비
178780,일월지엠엘,유통,유통,상품 종합 도매
178920,PI첨단소재,제조,화학,에너지/화학
179290,엠아이텍,제조,의료·정밀기기,의료기기
179530,애드바이오텍,제조,제약,제약
179900,유티아이,제조,전기·전자,전자부품
180400,DXVX,일반서비스,일반서비스,기타 과학기술 서비스
180640,한진칼,금융,금융,운송
18064K,한진칼우,금융,금융,금융
181710,NHN,IT 서비스,IT서비스,소프트웨어
182360,큐브엔터,오락·문화,오락·문화,오디오물 출판 및 원판 녹음
182400,엔케이젠바이오텍코리아,제조,제약,바이오
183190,아세아시멘트,제조,비금속,건설
183300,코미코,제조,기계·장비,반도체
183490,엔지켐생명과학,제조,제약,제약
184230,SGA솔루션즈,서비스,IT서비스,소프트웨어
185490,아이진,일반서비스,건강관리,바이오
185750,종근당,제조,제약,제약
186230,그린플러스,제조,금속,비철금속
187220,디티앤씨,일반서비스,일반서비스,기타 과학기술 서비스
187270,신화콘텍,제조,전기·전자,디스플레이
187420,HLB제넥스,제조,제약,기초 의약물질
187660,현대ADM,일반서비스,건강관리,바이오
187790,나노,제조,화학,화학
187870,디바이스,제조,기계·장비,디스플레이
188040,바이오포트,제조,음식료·담배,기타 식품
188260,세니젠,제조,기타제조,그외 기타 제품
189300,인텔리안테크,제조,전기·전자,통신장비
189330,씨이랩,서비스,IT서비스,소프트웨어
189690,포시에스,서비스,IT서비스,소프트웨어
189860,서전기전,제조,전기·전자,"전동기, 발전기 및 전기 변환 · 공급 · 제어 장치"
189980,흥국에프엔비,제조,음식료·담배,음식료
190510,나무가,제조,전기·전자,전자부품
190650,코리아에셋투자증권,금융,금융,금융 지원 서비스
191410,육일씨엔에쓰,제조,전기·전자,전자부품
191420,테고사이언스,제조,제약,바이오
192080,더블유게임즈,IT 서비스,IT서비스,소프트웨어
192250,케이사인,서비스,IT서비스,소프트웨어
192390,윈하이텍,제조,금속,"구조용 금속제품, 탱크 및 증기발생기"
192400,쿠쿠홀딩스,금융,금융,기타 금융
192410,오늘이엔엠,제조,전기·전자,통신장비
192440,슈피겐코리아,제조,기타제조,그외 기타 제품
192650,드림텍,제조,전기·전자,전자부품
192820,코스맥스,제조,화학,화장품
193250,링크드,제조,전기·전자,전자부품
194370,제이에스코퍼레이션,제조,섬유·의류,"가죽, 가방 및 유사제품"
194480,데브시스터즈,서비스,IT서비스,소프트웨어
194700,노바렉스,제조,음식료·담배,기타 식품
195500,마니커에프앤지,제조,음식료·담배,"도축, 육류 가공 및 저장 처리"
195870,해성디에스,제조,전기·전자,전자부품
195940,HK이노엔,제조,제약,제약
195990,에이비프로바이오,제조,기계·장비,특수 목적용 기계
196170,알테오젠,일반서비스,건강관리,바이오
196300,HLB펩,제조,제약,제약
196450,코아시아씨엠,제조,의료·정밀기기,사진장비 및 광학기기
196490,디에이테크놀로지,제조,기계·장비,이차전지
196700,웹스,제조,화학,화학
197140,디지캡,서비스,IT서비스,소프트웨어
198080,캐프,제조,전기·전자,전자부품
198440,강동씨앤엘,제조,비금속,"시멘트, 석회, 플라스터 및 그 제품"
198940,한주라이트메탈,제조,금속,비철금속
199430,케이엔알시스템,제조,의료·정밀기기,"측정, 시험, 항해, 제어 및 기타 정밀기기; 광학기기 제외"
199480,뱅크웨어글로벌,서비스,IT서비스,소프트웨어
199550,레이저옵텍,제조,의료·정밀기기,의료기기
199730,바이오인프라,일반서비스,건강관리,바이오
199800,툴젠,일반서비스,건강관리,바이오
199820,제일일렉트릭,제조,전기·전자,전자부품
200130,콜마비앤에이치,제조,제약,기초 의약물질
200230,텔콘RF제약,제조,제약,제약
200350,아티스트스튜디오,오락·문화,미디어/엔터,미디어/콘텐츠
200470,에이팩트,제조,전기·전자,반도체
200670,휴메딕스,제조,제약,제약
200710,에이디테크놀로지,제조,전기·전자,반도체
200780,비씨월드제약,제조,제약,제약
200880,서연이화,제조,운송장비·부품,자동차부품
201490,미투온,서비스,IT서비스,소프트웨어
203400,에이비온,일반서비스,건강관리,바이오
203450,유니온바이오메트릭스,제조,전기·전자,통신장비
203650,드림시큐리티,서비스,IT서비스,소프트웨어
203690,아크솔루션스,제조,종이·목재,종이/포장
204020,그리티,제조,섬유·의류,섬유/의류
204270,제이앤티씨,제조,전기·전자,전자부품
204320,HL만도,제조,운송장비·부품,자동차부품
204610,티쓰리,서비스,IT서비스,소프트웨어
204620,글로벌텍스프리,금융,금융,금융 지원 서비스
204630,스튜디오산타클로스,오락·문화,오락·문화,오락·문화
204840,지엘팜텍,유통,건강관리,제약
205100,엑셈,서비스,IT서비스,소프트웨어
205470,휴마시스,제조,제약,의료기기
205500,넥써쓰,서비스,IT서비스,소프트웨어
206400,베노티앤알,건설,건설,실내건축 및 건축마무리 공사
206560,덱스터,오락·문화,미디어/엔터,미디어/콘텐츠
206640,바디텍메드,제조,제약,바이오
206650,유바이오로직스,제조,제약,제약
207760,미스터블루,기타,기타,기타 정보 서비스
207940,삼성바이오로직스,제조,제약,제약
208140,정다운,제조,음식료·담배,"도축, 육류 가공 및 저장 처리"
208350,지란지교시큐리티,서비스,IT서비스,소프트웨어
208370,셀바스헬스케어,제조,의료·정밀기기,의료기기
208640,썸에이지,서비스,IT서비스,소프트웨어
208710,포톤,제조,전기·전자,전자부품
208860,다산디엠씨,서비스,IT서비스,소프트웨어
209640,와이제이링크,제조,기계·장비,전자부품
210120,캔버스엔,오락·문화,미디어/엔터,미디어/콘텐츠
210540,디와이파워,제조,기계·장비,특수 목적용 기계
210980,SK디앤디,부동산,부동산,부동산 임대 및 공급
211050,인카금융서비스,금융,금융,보험
211270,AP위성,제조,전기·전자,통신장비
212560,네오오토,제조,운송장비·부품,자동차부품
212710,아이에스티이,제조,전기·전자,반도체
213420,덕산네오룩스,제조,전기·전자,전자부품
213500,한솔제지,제조,종이·목재,종이/포장
214150,클래시스,제조,의료·정밀기기,의료기기
214180,헥토이노베이션,기타,기타,기타 정보 서비스
214260,라파스,제조,화학,제약
214270,FSN,서비스,IT서비스,소프트웨어
214320,이노션,일반서비스,미디어/엔터,광고/마케팅
214330,금호에이치티,제조,운송장비·부품,자동차부품
214370,케어젠,제조,제약,바이오
214390,경보제약,제조,제약,바이오
214420,토니모리,제조,화학,기타 화학제품
214430,아이쓰리시스템,제조,전기·전자,전자부품
214450,파마리서치,제조,제약,제약
214610,롤링스톤,제조,의료·정밀기기,의료기기
214680,디알텍,제조,의료·정밀기기,의료기기
215000,골프존,서비스,IT서비스,소프트웨어
215090,솔디펜스,제조,의료·정밀기기,"측정, 시험, 항해, 제어 및 기타 정밀기기; 광학기기 제외"
215100,로보로보,제조,전기·전자,기타 전기장비
215200,메가스터디교육,일반서비스,일반서비스,일반 교습 학원
215360,우리산업,제조,운송장비·부품,자동차부품
215380,우정바이오,일반서비스,건강관리,바이오
215480,토박스코리아,유통,섬유·의류,섬유/의류
215600,신라젠,일반서비스,건강관리,바이오
215790,이노인스트루먼트,제조,전기·전자,통신장비
216050,인크로스,일반서비스,미디어/엔터,광고/마케팅
216080,제테마,제조,제약,의료기기
217190,제너셈,제조,기계·장비,반도체
217270,넵튠,서비스,IT서비스,소프트웨어
217330,싸이토젠,일반서비스,건강관리,바이오
217480,에스디생명공학,제조,화학,화장품
217500,러셀,제조,기계·장비,반도체
217590,티엠씨,제조,전기·전자,절연선 및 케이블
217620,선샤인푸드,일반서비스,일반서비스,음식점
217730,강스템바이오텍,제조,제약,바이오
217820,원익피앤이,제조,기계·장비,이차전지
218150,미래생명자원,제조,음식료·담배,동물용 사료 및 조제식품
218410,RFHIC,제조,전기·전자,통신장비
219130,타이거일렉,제조,전기·전자,전자부품
219420,링크제니시스,서비스,IT서비스,소프트웨어
219550,디와이디,유통,생활소비재,화장품
219750,한국비티비,제조,의료·정밀기기,의료기기
220100,퓨쳐켐,제조,제약,제약
220180,핸디소프트,서비스,IT서비스,소프트웨어
220260,켐트로스,제조,화학,기타 화학제품
221800,유투바이오,일반서비스,일반서비스,기타 과학기술 서비스
221840,하이즈항공,제조,운송장비·부품,"항공기,우주선 및 부품"
221980,케이디켐,제조,화학,기타 화학제품
222040,코스맥스엔비티,제조,음식료·담배,기타 식품
222080,씨아이에스,제조,기계·장비,이차전지
222110,팬젠,제조,제약,제약
222160,NPX,제조,기계·장비,전자부품
222420,쎄노텍,제조,비금속,기타 비금속 광물제품
222800,심텍,제조,전기·전자,전자부품
222810,세토피아,제조,금속,금속
222980,한국맥널티,제조,음식료·담배,제약
223250,드림씨아이에스,일반서비스,건강관리,바이오
223310,사토시홀딩스,유통,유통,상품 종합 도매
224060,더코디,제조,기계·장비,디스플레이
224110,에이텍모빌리티,제조,전기·전자,통신장비
225190,LK삼양,제조,의료·정밀기기,사진장비 및 광학기기
225220,제놀루션,제조,제약,기초 의약물질
225430,케이엠제약,제조,화학,화장품
225530,HC보광산업,제조,비금속,기타 비금속 광물제품
225570,넥슨게임즈,서비스,IT서비스,소프트웨어
225590,패션플랫폼,제조,섬유·의류,섬유/의류
226320,잇츠한불,제조,화학,기타 화학제품
226330,신테카바이오,서비스,IT서비스,소프트웨어
226340,본느,제조,화학,기타 화학제품
226400,오스테오닉,제조,의료·정밀기기,의료기기
226590,엠디바이스,제조,전기·전자,전자부품
226950,올릭스,일반서비스,건강관리,바이오
227100,프로브잇,제조,전기·전자,이차전지
227610,아우딘퓨쳐스,제조,화학,화장품
227840,현대코퍼레이션홀딩스,유통,음식료·담배,음식료
227950,엔투텍,제조,기계·장비,반도체
228340,동양파일,제조,비금속,"시멘트, 석회, 플라스터 및 그 제품"
228670,레이,제조,의료·정밀기기,의료기기
228760,지노믹트리,일반서비스,건강관리,바이오
228850,레이언스,제조,의료·정밀기기,의료기기
229000,젠큐릭스,제조,제약,의료용품 및 기타 의약 관련제품
229640,LS에코에너지,금융,금융,기타 금융
230240,에치에프알,제조,전기·전자,통신장비
230360,에코마케팅,일반서비스,미디어/엔터,광고/마케팅
230980,비유테크놀러지,서비스,IT서비스,소프트웨어
232140,와이씨,제조,기계·장비,반도체
232680,라온로보틱스,제조,기계·장비,반도체
232830,아이티센피엔에스,서비스,IT서비스,소프트웨어
234030,싸이닉솔루션,제조,전기·전자,반도체
234080,JW생명과학,제조,제약,제약
234100,폴라리스세원,제조,운송장비·부품,자동차부품
234300,에스트래픽,서비스,IT서비스,소프트웨어
234340,헥토파이낸셜,기타,기타,기타 정보 서비스
234690,녹십자웰빙,제조,제약,제약
234920,자이글,제조,전기·전자,가정용 기기
235980,메드팩토,일반서비스,건강관리,바이오
236200,슈프리마,제조,전기·전자,통신장비
236810,엔비티,일반서비스,미디어/엔터,광고/마케팅
237690,에스티팜,제조,제약,제약
237750,피앤씨테크,제조,전기·전자,"전동기, 발전기 및 전기 변환 · 공급 · 제어 장치"
237820,플레이디,일반서비스,미디어/엔터,광고/마케팅
237880,클리오,제조,화학,화장품
238090,앤디포스,제조,화학,플라스틱제품
238120,얼라인드,제조,의료·정밀기기,사진장비 및 광학기기
238200,비피도,제조,음식료·담배,기타 식품
238490,힘스,제조,기계·장비,디스플레이
239340,이스트에이드,서비스,IT서비스,인터넷서비스
239610,에이치엘사이언스,제조,음식료·담배,기타 식품
239890,피엔에이치테크,제조,화학,화학
240550,동방메디컬,제조,의료·정밀기기,의료기기
240600,유진테크놀로지,제조,금속,금속가공
240810,원익IPS,제조,기계·장비,반도체
241520,DSC인베스트먼트,금융,금융,신탁 및 집합투자
241560,두산밥캣,제조,기계·장비,특수 목적용 기계
241590,화승엔터프라이즈,제조,섬유·의류,신발 및 신발 부분품
241690,유니테크노,제조,운송장비·부품,자동차부품
241710,코스메카코리아,제조,화학,화장품
241770,메카로,제조,전기·전자,반도체
241790,티이엠씨씨엔에스,제조,기계·장비,반도체
241820,피씨엘,제조,제약,의료용품 및 기타 의약 관련제품
241840,에이스토리,오락·문화,미디어/엔터,미디어/콘텐츠
242040,나무기술,서비스,IT서비스,소프트웨어
243070,휴온스,제조,제약,제약
243840,신흥에스이씨,제조,전기·전자,이차전지
244460,올리패스,제조,제약,제약
244920,에이플러스에셋,금융,금융,보험
245620,EDGC,일반서비스,건강관리,바이오
246250,에스엘에스바이오,일반서비스,건강관리,제약
246690,TS인베스트먼트,금융,금융,신탁 및 집합투자
246710,티앤알바이오팹,제조,제약,바이오
246720,아스타,제조,제약,의료용품 및 기타 의약 관련제품
246960,SCL사이언스,제조,제약,의료용품 및 기타 의약 관련제품
247540,에코프로비엠,제조,전기·전자,이차전지
247660,나노씨엠에스,제조,전기·전자,전자부품
248070,솔루엠,제조,전기·전자,전자부품
248170,샘표식품,제조,음식료·담배,기타 식품
249420,일동제약,제조,제약,제약
250000,보라티알,유통,음식료·담배,음식료
250060,모비스,서비스,IT서비스,소프트웨어
250930,예선테크,제조,화학,플라스틱제품
251120,바이오에프디엔씨,제조,제약,기초 의약물질
251270,넷마블,IT 서비스,IT서비스,소프트웨어
251370,와이엠티,제조,화학,화학
251630,브이원텍,제조,기계·장비,이차전지
251970,펌텍코리아,제조,화학,화장품
252500,세화피앤씨,제조,화학,기타 화학제품
252990,샘씨엔에스,제조,전기·전자,전자부품
253450,스튜디오드래곤,오락·문화,미디어/엔터,미디어/콘텐츠
253590,네오셈,제조,기계·장비,반도체
253840,수젠텍,제조,제약,의료용품 및 기타 의약 관련제품
254120,자비스,제조,기계·장비,특수 목적용 기계
254490,미래반도체,유통,전기·전자,반도체
255220,SG,제조,비금속,기타 비금속 광물제품
255440,야스,제조,기계·장비,디스플레이
256150,한독크린텍,제조,기계·장비,일반 목적용 기계
256630,포인트엔지니어링,제조,금속,금속가공
256840,한국비엔씨,제조,제약,기초 의약물질
256940,킵스파마,제조,제약,제약
257370,피엔티엠에스,제조,기계·장비,이차전지
257720,실리콘투,유통,생활소비재,화장품
258610,케일럼,제조,금속,"구조용 금속제품, 탱크 및 증기발생기"
258790,소프트캠프,서비스,IT서비스,소프트웨어
258830,세종메디칼,제조,의료·정밀기기,의료기기
259630,엠플러스,제조,기계·장비,이차전지
259960,크래프톤,IT 서비스,IT서비스,소프트웨어
260660,알리코제약,제조,제약,제약
260930,씨티케이,제조,화학,화장품
260970,에스앤디,제조,음식료·담배,기타 식품
261200,덴티스,제조,의료·정밀기기,의료기기
261520,이지스,서비스,IT서비스,소프트웨어
261780,차백신연구소,일반서비스,건강관리,바이오
262260,에이프로,제조,전기·전자,이차전지
262840,아이퀘스트,서비스,IT서비스,소프트웨어
263020,디케이앤디,제조,화학,플라스틱제품
263050,유틸렉스,제조,제약,바이오
263600,덕우전자,제조,전기·전자,전자부품
263690,디알젬,제조,의료·정밀기기,의료기기
263700,케어랩스,일반서비스,미디어/엔터,광고/마케팅
263720,디앤씨미디어,오락·문화,오락·문화,"서적, 잡지 및 기타 인쇄물 출판"
263750,펄어비스,서비스,IT서비스,소프트웨어
263770,유에스티,제조,금속,철강
263800,데이타솔루션,유통,유통,기계장비 및 관련 물품 도매
263810,상신전자,제조,전기·전자,전자부품
263860,지니언스,서비스,IT서비스,소프트웨어
263920,휴엠앤씨,제조,기타제조,그외 기타 제품
264450,유비쿼스,제조,전기·전자,통신장비
264660,씨앤지하이테크,제조,기계·장비,특수 목적용 기계
264850,이랜시스,제조,전기·전자,전자부품
264900,크라운제과,제조,음식료·담배,"떡, 빵 및 과자류"
265520,AP시스템,제조,기계·장비,디스플레이
265560,영화테크,제조,운송장비·부품,자동차부품
265740,엔에프씨,제조,화학,화장품
267250,HD현대,금융,금융,기타 금융
267260,HD현대일렉트릭,제조,전기·전자,"전동기, 발전기 및 전기 변환 · 공급 · 제어 장치"
267270,HD건설기계,제조,기계·장비,특수 목적용 기계
267290,경동도시가스,전기·가스,전기·가스,가스
267320,나인테크,제조,기계·장비,이차전지
267790,배럴,제조,섬유·의류,섬유/의류
267850,아시아나IDT,IT 서비스,IT서비스,소프트웨어
267980,매일유업,제조,음식료·담배,동·식물성 유지 및 낙농제품
268280,미원에스씨,제조,화학,화학
269620,시스웍,제조,의료·정밀기기,"측정, 시험, 항해, 제어 및 기타 정밀기기; 광학기기 제외"
270520,앱튼,일반서비스,일반서비스,"건축기술, 엔지니어링 및 관련 기술 서비스"
270660,에브리봇,제조,전기·전자,가정용 기기
270870,뉴트리,제조,음식료·담배,기타 식품
271560,오리온,제조,음식료·담배,기타 식품
271830,팸텍,제조,기계·장비,전자부품
271940,일진하이솔루스,제조,운송장비·부품,그외 기타 운송장비
271980,제일약품,제조,제약,제약
272110,케이엔제이,제조,전기·전자,반도체
272210,한화시스템,제조,전기·전자,전자부품
272290,이녹스첨단소재,제조,전기·전자,전자부품
272450,진에어,운송·창고,운송·창고,항공 여객 운송
272550,삼양패키징,제조,화학,플라스틱제품
273060,와이즈버즈,일반서비스,미디어/엔터,광고/마케팅
273640,와이엠텍,제조,전기·전자,"전동기, 발전기 및 전기 변환 · 공급 · 제어 장치"
274090,켄코아에어로스페이스,제조,운송장비·부품,"항공기,우주선 및 부품"
274400,이노시뮬레이션,서비스,IT서비스,소프트웨어
275630,에스에스알,서비스,IT서비스,소프트웨어
276040,스코넥,서비스,IT서비스,소프트웨어
276730,한울앤제주,제조,음식료·담배,음식료
277070,린드먼아시아,금융,금융,신탁 및 집합투자
277410,인산가,제조,음식료·담배,기타 식품
277810,레인보우로보틱스,제조,기계·장비,특수 목적용 기계
277880,티에스아이,제조,기계·장비,이차전지
278280,천보,제조,화학,화학
278470,에이피알,제조,화학,화장품
278650,HLB바이오스텝,일반서비스,건강관리,바이오
279570,케이뱅크,금융,금융,은행
279600,미디어젠,서비스,IT서비스,소프트웨어
280360,롯데웰푸드,제조,음식료·담배,기타 식품
281740,레이크머티리얼즈,제조,화학,반도체
281820,케이씨텍,제조,의료·정밀기기,디스플레이
282330,BGF리테일,유통,유통,유통
282720,금양그린파워,건설,건설,전기 및 통신 공사
282880,코윈테크,제조,기계·장비,이차전지
284620,카이노스메드,일반서비스,건강관리,바이오
284740,쿠쿠홈시스,일반서비스,일반서비스,개인 및 가정용품 임대
285130,SK케미칼,제조,화학,화학
28513K,SK케미칼우,제조,화학,화학
285490,노바텍,제조,기타제조,그외 기타 제품
285800,진영,제조,화학,플라스틱제품
286750,나노실리칸첨단소재,제조,화학,화학
286940,롯데이노베이트,IT 서비스,IT서비스,소프트웨어
287840,인투셀,일반서비스,건강관리,바이오
288330,파라택시스코리아,제조,제약,기초 의약물질
288620,에스퓨얼셀,제조,전기·전자,"전동기, 발전기 및 전기 변환 · 공급 · 제어 장치"
288980,모아데이타,서비스,IT서비스,소프트웨어
289010,아이스크림에듀,오락·문화,오락·문화,"서적, 잡지 및 기타 인쇄물 출판"
289080,SV인베스트먼트,금융,금융,기타 금융
289220,자이언트스텝,오락·문화,미디어/엔터,미디어/콘텐츠
289930,웨이비스,제조,전기·전자,반도체
290090,트윔,서비스,IT서비스,소프트웨어
290120,DH오토리드,제조,운송장비·부품,자동차부품
290270,휴네시온,서비스,IT서비스,소프트웨어
290520,신도기연,제조,기계·장비,디스플레이
290550,디케이티,제조,전기·전자,전자부품
290560,파라택시스이더리움,서비스,IT서비스,소프트웨어
290650,엘앤씨바이오,제조,제약,제약
290660,네오펙트,제조,의료·정밀기기,의료기기
290670,대보마그네틱,제조,전기·전자,기타 전기장비
290690,소룩스,제조,전기·전자,전구 및 조명장치
290720,푸드나무,유통,유통,무점포 소매
290740,액트로,제조,전기·전자,전자부품
291230,엔피,일반서비스,일반서비스,기타 사지원 서비스
291650,압타머사이언스,일반서비스,건강관리,바이오
291810,핀텔,서비스,IT서비스,소프트웨어
293480,하나제약,제조,제약,제약
293490,카카오게임즈,서비스,IT서비스,소프트웨어
293580,나우IB,금융,금융,기타 금융
293780,압타바이오,일반서비스,건강관리,바이오
294090,이오플로우,제조,의료·정밀기기,의료기기
294140,레몬,제조,화학,화학섬유
294570,쿠콘,기타,기타,기타 정보 서비스
294630,서남,제조,전기·전자,기타 전기장비
294870,HDC현대산업개발,건설,건설,건설
295310,에이치브이엠,제조,금속,비철금속
296640,이노룰스,서비스,IT서비스,소프트웨어
297090,씨에스베어링,제조,기계·장비,일반 목적용 기계
297570,알로이스,제조,전기·전자,통신장비
297890,HB솔루션,제조,기계·장비,디스플레이
298000,효성화학,제조,화학,화학
298020,효성티앤씨,제조,화학,화학섬유
298040,효성중공업,제조,전기·전자,"전동기, 발전기 및 전기 변환 · 공급 · 제어 장치"
298050,HS효성첨단소재,제조,화학,화학섬유
298060,에스씨엠생명과학,제조,제약,제약
298380,에이비엘바이오,제조,제약,바이오
298540,더네이쳐홀딩스,제조,섬유·의류,섬유/의류
298690,에어부산,운송·창고,운송·창고,항공 여객 운송
298830,슈어소프트테크,서비스,IT서비스,소프트웨어
299030,하나기술,제조,기계·장비,이차전지
299170,더블유에스아이,유통,건강관리,제약
299660,셀리드,일반서비스,건강관리,바이오
299900,위지윅스튜디오,오락·문화,미디어/엔터,미디어/콘텐츠
300080,플리토,서비스,IT서비스,인터넷서비스
300120,라온피플,서비스,IT서비스,소프트웨어
300720,한일시멘트,제조,비금속,"시멘트, 석회, 플라스터 및 그 제품"
301300,바이브컴퍼니,서비스,IT서비스,소프트웨어
302430,이노메트리,제조,기계·장비,특수 목적용 기계
302440,SK바이오사이언스,제조,제약,기초 의약물질
302550,리메드,제조,의료·정밀기기,의료기기
303030,지니틱스,제조,전기·전자,반도체
303360,프로티아,제조,의료·정밀기기,의료기기
303530,이노뎁,서비스,IT서비스,소프트웨어
303810,동국생명과학,제조,제약,제약
304100,솔트룩스,서비스,IT서비스,소프트웨어
304360,에스바이오메딕스,제조,제약,제약
304840,피플바이오,제조,제약,의료용품 및 기타 의약 관련제품
305090,마이크로디지탈,제조,의료·정밀기기,의료기기
306040,에스제이그룹,제조,섬유·의류,"가죽, 가방 및 유사제품"
306200,세아제강,제조,금속,철강
306620,지아이에스,제조,기계·장비,특수 목적용 기계
307180,아이엘,제조,전기·전자,전구 및 조명장치
307280,원바이오젠,제조,제약,의료용품 및 기타 의약 관련제품
307750,국전약품,제조,제약,제약
307870,비투엔,서비스,IT서비스,소프트웨어
307930,컴퍼니케이,금융,금융,기타 금융
307950,현대오토에버,IT 서비스,IT서비스,소프트웨어
308080,바이젠셀,일반서비스,건강관리,바이오
308100,형지글로벌,유통,섬유·의류,섬유/의류
308170,씨티알모빌리티,제조,운송장비·부품,자동차부품
308430,셀비온,제조,제약,제약
309710,아이티켐,제조,제약,제약
309930,조이웍스앤코,유통,유통,기타 생활용품 소매
309960,LB인베스트먼트,금융,금융,기타 금융
310200,애니플러스,오락·문화,미디어/엔터,미디어/콘텐츠
310210,보로노이,일반서비스,건강관리,바이오
310870,디와이씨,제조,운송장비·부품,자동차부품
311320,지오엘리먼트,제조,전기·전자,전자부품
311390,네오크레마,제조,음식료·담배,기타 식품
311690,CJ 바이오사이언스,일반서비스,건강관리,바이오
312610,에이에프더블류,제조,전기·전자,이차전지
313760,캐리,제조,전기·전자,"전동기, 발전기 및 전기 변환 · 공급 · 제어 장치"
314130,지놈앤컴퍼니,제조,제약,화장품
314140,알피바이오,제조,제약,제약
314930,바이오다인,제조,의료·정밀기기,의료기기
315640,딥노이드,서비스,IT서비스,소프트웨어
316140,우리금융지주,금융,금융,기타 금융
317120,라닉스,제조,전기·전자,반도체
317240,TS트릴리온,제조,화학,기타 화학제품
317330,덕산테코피아,제조,화학,디스플레이
317400,자이에스앤디,부동산,부동산,부동산 임대 및 공급
317450,명인제약,제조,제약,제약
317530,캐리소프트,오락·문화,미디어/엔터,미디어/콘텐츠
317690,퀀타매트릭스,제조,의료·정밀기기,의료기기
317770,엑스페릭스,제조,전기·전자,전자부품
317830,에스피시스템스,제조,기계·장비,특수 목적용 기계
317850,대모,제조,기계·장비,특수 목적용 기계
317870,엔바이오니아,제조,기타제조,그외 기타 제품
318000,KBG,제조,화학,화학
318010,팜스빌,제조,음식료·담배,기타 식품
318020,포인트모바일,제조,전기·전자,컴퓨터 및 주변장치
318060,그래피,제조,화학,화학
318160,셀바이오휴먼텍,제조,섬유·의류,섬유/의류
318410,비비씨,제조,화학,기타 화학제품
319400,현대무벡스,제조,기계·장비,일반 목적용 기계
319660,피에스케이,제조,기계·장비,특수 목적용 기계
320000,한울반도체,제조,기계·장비,특수 목적용 기계
321260,프로이천,제조,전기·전자,반도체
321370,센서뷰,제조,전기·전자,전자부품
321550,티움바이오,일반서비스,건강관리,바이오
321820,아티스트컴퍼니,서비스,IT서비스,소프트웨어
322000,HD현대에너지솔루션,제조,전기·전자,반도체
322180,LS티라유텍,서비스,IT서비스,소프트웨어
322310,오로스테크놀로지,제조,기계·장비,반도체
322510,제이엘케이,서비스,IT서비스,소프트웨어
322780,코퍼스코리아,오락·문화,미디어/엔터,미디어/콘텐츠
323280,태성,제조,기계·장비,전자부품
323350,다원넥스뷰,제조,기계·장비,특수 목적용 기계
323410,카카오뱅크,금융,금융,은행
323990,박셀바이오,일반서비스,건강관리,바이오
326030,SK바이오팜,일반서비스,건강관리,바이오
327260,RF머트리얼즈,제조,전기·전자,전자부품
328130,루닛,서비스,IT서비스,소프트웨어
328380,솔트웨어,서비스,IT서비스,소프트웨어
329180,HD현대중공업,제조,운송장비·부품,조선
330350,위더스제약,제조,제약,제약
330730,스톤브릿지벤처스,금융,금융,기타 금융
330860,네패스아크,일반서비스,전기·전자,반도체
331380,포커스에이아이,제조,전기·전자,가전/전자제품
331520,밸로프,서비스,IT서비스,소프트웨어
331740,아우토크립트,서비스,IT서비스,소프트웨어
331920,셀레믹스,제조,제약,기초 의약물질
332290,누보,제조,화학,"비료, 농약 및 살균, 살충제"
332370,아이디피,제조,전기·전자,컴퓨터 및 주변장치
332570,PS일렉트로닉스,제조,전기·전자,전자부품
333050,모코엠시스,서비스,IT서비스,소프트웨어
333430,일승,제조,운송장비·부품,조선
333620,엔시스,제조,전기·전자,이차전지
334970,프레스티지바이오로직스,제조,제약,제약
335810,프리시젼바이오,제조,의료·정밀기기,의료기기
335870,윙스풋,유통,섬유·의류,섬유/의류
336060,웨이버스,서비스,IT서비스,소프트웨어
336260,두산퓨얼셀,제조,전기·전자,"전동기, 발전기 및 전기 변환 · 공급 · 제어 장치"
336370,솔루스첨단소재,제조,전기·전자,전자부품
336570,원텍,제조,의료·정밀기기,의료기기
336680,탑런토탈솔루션,제조,전기·전자,전자부품
337930,젝시믹스,기타,기타,기타 정보 서비스
338220,뷰노,서비스,IT서비스,소프트웨어
338840,와이바이오로직스,일반서비스,건강관리,바이오
339770,교촌에프앤비,유통,음식료·담배,음식료
339950,아이비김영,일반서비스,일반서비스,일반 교습 학원
340360,다보링크,제조,전기·전자,통신장비
340440,세림B&G,제조,화학,플라스틱제품
340450,지씨지놈,일반서비스,일반서비스,"그외 기타 전문, 과학 및 기술 서비스"
340570,티앤엘,제조,제약,의료용품 및 기타 의약 관련제품
340810,시선AI,서비스,IT서비스,소프트웨어
340930,유일에너테크,제조,기계·장비,이차전지
342870,오아,유통,전기·전자,통신장비
344820,KCC글라스,제조,비금속,유리 및 유리제품
344860,이노진,제조,화학,기타 화학제품
347000,센코,제조,의료·정밀기기,"측정, 시험, 항해, 제어 및 기타 정밀기기; 광학기기 제외"
347700,스피어,서비스,IT서비스,소프트웨어
347740,피엔케이피부임상연구센타,일반서비스,일반서비스,"그외 기타 전문, 과학 및 기술 서비스"
347770,핌스,제조,전기·전자,전자부품
347850,디앤디파마텍,일반서비스,건강관리,바이오
347860,알체라,서비스,IT서비스,소프트웨어
347890,엠투아이,제조,의료·정밀기기,"측정, 시험, 항해, 제어 및 기타 정밀기기; 광학기기 제외"
348030,모비릭스,서비스,IT서비스,소프트웨어
348080,큐라티스,일반서비스,건강관리,바이오
348150,고바이오랩,일반서비스,건강관리,바이오
348210,넥스틴,제조,기계·장비,반도체
348340,뉴로메카,제조,기계·장비,특수 목적용 기계
348350,위드텍,제조,의료·정밀기기,"측정, 시험, 항해, 제어 및 기타 정밀기기; 광학기기 제외"
348370,엔켐,제조,화학,화학
351320,넥사다이내믹스,제조,기계·장비,특수 목적용 기계
351330,이삭엔지니어링,서비스,IT서비스,소프트웨어
351870,차이커뮤니케이션,일반서비스,미디어/엔터,광고/마케팅
352090,스톰테크,제조,화학,플라스틱제품
352480,씨앤씨인터내셔널,제조,화학,화장품
352700,씨앤투스,제조,화학,화학섬유
352770,셀레스트라,일반서비스,일반서비스,의료용품 및 기타 의약 관련제품
352820,하이브,오락·문화,오락·문화,오디오물 출판 및 원판 녹음
352910,오비고,서비스,IT서비스,소프트웨어
352940,인바이오,제조,화학,"비료, 농약 및 살균, 살충제"
353190,휴럼,제조,음식료·담배,기타 식품
353200,대덕전자,제조,전기·전자,전자부품
35320K,대덕전자1우,제조,전기·전자,전기·전자
353590,오토앤,유통,유통,자동차 부품 및 내장품 판매
353810,이지바이오,제조,음식료·담배,동물용 사료 및 조제식품
354200,엔젠바이오,일반서비스,일반서비스,"그외 기타 전문, 과학 및 기술 서비스"
354320,알멕,제조,금속,비철금속
355150,코스텍시스,제조,전기·전자,반도체
355390,크라우드웍스,서비스,IT서비스,소프트웨어
355690,에이텀,제조,전기·전자,전자부품
356680,엑스게이트,서비스,IT서비스,소프트웨어
356860,티엘비,제조,전기·전자,전자부품
356890,싸이버원,서비스,IT서비스,소프트웨어
357230,에이치피오,제조,음식료·담배,기타 식품
357550,석경에이티,제조,화학,화학
357580,아모센스,제조,전기·전자,전자부품
357780,솔브레인,제조,화학,디스플레이
357880,SKAI,서비스,IT서비스,소프트웨어
358570,지아이이노베이션,일반서비스,건강관리,바이오
359090,씨엔알리서치,일반서비스,일반서비스,"그외 기타 전문, 과학 및 기술 서비스"
360070,탑머티리얼,제조,전기·전자,이차전지
360350,코셈,제조,의료·정밀기기,"측정, 시험, 항해, 제어 및 기타 정밀기기; 광학기기 제외"
361390,제노코,제조,전기·전자,통신장비
361570,알비더블유,오락·문화,오락·문화,오디오물 출판 및 원판 녹음
361610,SK아이이테크놀로지,제조,전기·전자,이차전지
361670,삼영에스앤씨,제조,전기·전자,전자부품
362320,청담글로벌,유통,생활소비재,화장품
362990,드림인사이트,일반서비스,미디어/엔터,광고/마케팅
363250,진시스템,제조,의료·정밀기기,의료기기
363260,모비데이즈,일반서비스,미디어/엔터,광고/마케팅
363280,티와이홀딩스,금융,금융,기타 금융
36328K,티와이홀딩스우,금융,금융,금융
364950,에이아이코리아,제조,기계·장비,이차전지
365270,큐라클,일반서비스,건강관리,바이오
365330,에스와이스틸텍,제조,금속,"구조용 금속제품, 탱크 및 증기발생기"
365340,성일하이텍,제조,화학,화학
365590,하이딥,제조,전기·전자,반도체
365900,브이씨,제조,기타제조,운동 및 경기용구
366030,공구우먼,제조,섬유·의류,섬유/의류
367000,플래티어,서비스,IT서비스,소프트웨어
368600,아이씨에이치,제조,전기·전자,전자부품
368770,파이버프로,제조,의료·정밀기기,"측정, 시험, 항해, 제어 및 기타 정밀기기; 광학기기 제외"
368970,오에스피,제조,음식료·담배,동물용 사료 및 조제식품
369370,블리츠웨이엔터테인먼트,오락·문화,오락·문화,창작 및 예술관련 서비스
370090,퓨런티어,제조,의료·정밀기기,전자부품
371950,풍원정밀,제조,전기·전자,전자부품
372170,윤성에프앤씨,제조,기계·장비,이차전지
372320,큐로셀,일반서비스,건강관리,바이오
372800,아이티아이즈,서비스,IT서비스,소프트웨어
372910,한컴라이프케어,제조,의료·정밀기기,의료기기
373110,엑셀세라퓨틱스,제조,제약,기초 의약물질
373160,데이원컴퍼니,일반서비스,일반서비스,기타 교육기관
373170,엠아이큐브솔루션,서비스,IT서비스,소프트웨어
373200,엑스플러스,제조,기타제조,그외 기타 제품
373220,LG에너지솔루션,제조,전기·전자,이차전지
375500,DL이앤씨,건설,건설,건설
37550K,DL이앤씨우,건설,건설,건설
376180,피코그램,제조,기타제조,그외 기타 제품
376270,HEM파마,일반서비스,건강관리,바이오
376290,씨유테크,제조,전기·전자,전자부품
376300,디어유,서비스,IT서비스,소프트웨어
376900,로킷헬스케어,제조,제약,의료용품 및 기타 의약 관련제품
376930,노을,제조,의료·정밀기기,의료기기
376980,원티드랩,서비스,IT서비스,소프트웨어
377030,비트맥스,서비스,IT서비스,소프트웨어
377220,프롬바이오,제조,음식료·담배,기타 식품
377300,카카오페이,금융,금융,금융 지원 서비스
377330,이지트로닉스,제조,전기·전자,"전동기, 발전기 및 전기 변환 · 공급 · 제어 장치"
377450,리파인,기타,기타,기타 정보 서비스
377460,위니아에이드,일반서비스,일반서비스,개인 및 가정용품 수리
377480,마음AI,서비스,IT서비스,소프트웨어
377740,바이오노트,제조,제약,의료용품 및 기타 의약 관련제품
378340,필에너지,제조,기계·장비,이차전지
378800,샤페론,제조,제약,바이오
378850,화승알앤에이,제조,운송장비·부품,자동차부품
380540,옵티코어,제조,전기·전자,마그네틱 및 광학 매체
380550,뉴로핏,서비스,IT서비스,소프트웨어
381620,제닉스로보틱스,제조,기계·장비,특수 목적용 기계
381970,케이카,유통,유통,자동차 판매
382150,온코크로스,일반서비스,건강관리,바이오
382480,지아이텍,제조,기계·장비,특수 목적용 기계
382800,지앤비에스 에코,제조,기계·장비,특수 목적용 기계
382840,원준,제조,기계·장비,이차전지
382900,범한퓨얼셀,제조,전기·전자,"전동기, 발전기 및 전기 변환 · 공급 · 제어 장치"
383220,F&F,제조,섬유·의류,섬유/의류
383310,에코프로에이치엔,제조,화학,기타 화학제품
383800,LX홀딩스,금융,금융,기타 금융
38380K,LX홀딩스1우,금융,금융,금융
383930,디티앤씨알오,일반서비스,건강관리,바이오
384470,코어라인소프트,서비스,IT서비스,소프트웨어
387570,파인메딕스,제조,의료·정밀기기,의료기기
388050,지투파워,제조,전기·전자,"전동기, 발전기 및 전기 변환 · 공급 · 제어 장치"
388210,씨엠티엑스,제조,전기·전자,전자부품
388610,지에프씨생명과학,제조,화학,기타 화학제품
388720,유일로보틱스,제조,기계·장비,특수 목적용 기계
388790,라이콤,제조,전기·전자,통신장비
388870,파로스아이바이오,일반서비스,건강관리,바이오
389020,자람테크놀로지,제조,전기·전자,반도체
389030,지니너스,일반서비스,건강관리,바이오
389140,포바이포,오락·문화,미디어/엔터,미디어/콘텐츠
389260,대명에너지,건설,건설,건설
389470,인벤티지랩,일반서비스,건강관리,바이오
389500,에스비비테크,제조,기계·장비,일반 목적용 기계
389650,넥스트바이오메디컬,제조,의료·정밀기기,의료기기
389680,유디엠텍,서비스,IT서비스,소프트웨어
391710,코닉오토메이션,제조,기계·장비,특수 목적용 기계
393210,토마토시스템,서비스,IT서비스,소프트웨어
393890,더블유씨피,제조,전기·전자,이차전지
393970,대진첨단소재,제조,화학,이차전지
394280,오픈엣지테크놀로지,서비스,IT서비스,소프트웨어
394800,쓰리빌리언,일반서비스,건강관리,바이오
396270,넥스트칩,제조,전기·전자,반도체
396300,세아메카닉스,제조,금속,금속가공
396470,워트,제조,기계·장비,특수 목적용 기계
397030,에이프릴바이오,일반서비스,건강관리,바이오
397810,애드포러스,일반서비스,미디어/엔터,광고/마케팅
398120,에스지헬스케어,제조,의료·정밀기기,의료기기
399720,가온칩스,제조,전기·전자,반도체
402030,코난테크놀로지,서비스,IT서비스,소프트웨어
402340,SK스퀘어,금융,금융,기타 금융
402490,그린리소스,제조,전기·전자,반도체
403490,우듬지팜,제조,음식료·담배,"과실, 채소 가공 및 저장 처리"
403550,쏘카,일반서비스,일반서비스,운송장비 임대
403850,더핑크퐁컴퍼니,오락·문화,미디어/엔터,미디어/콘텐츠
403870,HPSP,제조,기계·장비,특수 목적용 기계
405000,플라즈맵,제조,의료·정밀기기,의료기기
405100,큐알티,일반서비스,전기·전자,반도체
405920,나라셀라,유통,음식료·담배,음식료
406820,뷰티스킨,제조,화학,화장품
407400,꿈비,제조,기타제조,가구
408900,스튜디오미르,오락·문화,미디어/엔터,미디어/콘텐츠
408920,메쎄이상,일반서비스,일반서비스,기타 사지원 서비스
411080,샌즈랩,서비스,IT서비스,소프트웨어
412350,레이저쎌,제조,기계·장비,특수 목적용 기계
412540,제일엠앤에스,제조,기계·장비,이차전지
413390,엠오티,제조,기계·장비,이차전지
413630,씨피시스템,제조,화학,플라스틱제품
413640,비아이매트릭스,서비스,IT서비스,소프트웨어
415380,스튜디오삼익,유통,유통,기타 생활용품 소매
416180,신성에스티,제조,운송장비·부품,자동차부품
417010,나노팀,제조,기계·장비,일반 목적용 기계
417180,핑거스토리,기타,기타,기타 정보 서비스
417200,LS머트리얼즈,제조,전기·전자,전자부품
417500,제이아이테크,제조,화학,반도체
417790,트루엔,제조,전기·전자,가전/전자제품
417840,저스템,제조,기계·장비,반도체
417860,오브젠,서비스,IT서비스,소프트웨어
417970,모델솔루션,제조,기계·장비,특수 목적용 기계
418250,시큐레터,서비스,IT서비스,소프트웨어
418420,라온텍,제조,전기·전자,전자부품
418470,KT밀리의서재,기타,기타,"서적, 잡지 및 기타 인쇄물 출판"
418550,제이오,일반서비스,일반서비스,"건축기술, 엔지니어링 및 관련 기술 서비스"
418620,E8,서비스,IT서비스,소프트웨어
419050,삼기에너지솔루션즈,제조,운송장비·부품,자동차부품
419080,엔젯,제조,기계·장비,특수 목적용 기계
419120,산돌,서비스,IT서비스,소프트웨어
419530,SAMG엔터,오락·문화,미디어/엔터,미디어/콘텐츠
419540,비스토스,제조,의료·정밀기기,의료기기
420570,제이투케이바이오,제조,화학,화장품
420770,기가비스,제조,기계·장비,반도체
424760,벨로크,서비스,IT서비스,소프트웨어
424870,이뮨온시아,일반서비스,건강관리,바이오
424960,스마트레이더시스템,제조,의료·정밀기기,"측정, 시험, 항해, 제어 및 기타 정밀기기; 광학기기 제외"
424980,마이크로투나노,제조,전기·전자,반도체
425040,티이엠씨,제조,화학,화학
425420,티에프이,제조,전기·전자,전자부품
429270,시지트로닉스,제조,전기·전자,반도체
430690,한싹,서비스,IT서비스,소프트웨어
431190,케이쓰리아이,서비스,IT서비스,소프트웨어
432430,와이랩,오락·문화,미디어/엔터,미디어/콘텐츠
432470,케이엔에스,제조,기계·장비,이차전지
432720,퀄리타스반도체,제조,전기·전자,반도체
432980,엠에프씨,제조,제약,제약
434480,모니터랩,서비스,IT서비스,소프트웨어
435570,에르코스,제조,음식료·담배,도시락 및 식사용 조리식품
437730,삼현,제조,운송장비·부품,자동차부품
438700,버넥트,서비스,IT서비스,소프트웨어
439090,마녀공장,제조,화학,화장품
439260,대한조선,제조,운송장비·부품,조선
439580,블루엠텍,유통,건강관리,제약
440110,파두,제조,전기·전자,반도체
440290,HB인베스트먼트,금융,금융,기타 금융
440320,오픈놀,서비스,IT서비스,소프트웨어
441270,파인엠텍,제조,전기·전자,전자부품
443060,HD현대마린솔루션,일반서비스,일반서비스,"건축기술, 엔지니어링 및 관련 기술 서비스"
443250,레뷰코퍼레이션,일반서비스,미디어/엔터,광고/마케팅
443670,에스피소프트,유통,유통,상품 중개
444530,심플랫폼,서비스,IT서비스,소프트웨어
445090,에이직랜드,제조,전기·전자,반도체
445180,퓨릿,제조,화학,화학
445680,큐리옥스바이오시스템즈,제조,의료·정밀기기,의료기기
446070,유니드비티플러스,제조,종이·목재,제재 및 목재 가공
446540,메가터치,제조,전기·전자,이차전지
446840,지슨,제조,의료·정밀기기,"측정, 시험, 항해, 제어 및 기타 정밀기기; 광학기기 제외"
448280,에코아이,일반서비스,일반서비스,기타 전문 서비스
448710,코츠테크놀로지,제조,전기·전자,컴퓨터 및 주변장치
448900,한국피아이엠,제조,운송장비·부품,자동차부품
450080,에코프로머티,제조,전기·전자,이차전지
450330,하스,제조,제약,의료용품 및 기타 의약 관련제품
450520,인스웨이브,서비스,IT서비스,소프트웨어
450950,아스테라시스,제조,의료·정밀기기,의료기기
451220,아이엠티,제조,기계·장비,특수 목적용 기계
451250,삐아,제조,화학,화장품
451760,컨텍,서비스,IT서비스,소프트웨어
452160,제이엔비,제조,기계·장비,특수 목적용 기계
452190,한빛레이저,제조,기계·장비,특수 목적용 기계
452200,민테크,제조,의료·정밀기기,이차전지
452260,한화갤러리아,유통,유통,유통
45226K,한화갤러리아우,유통,유통,유통
452280,한선엔지니어링,제조,금속,금속가공
452300,캡스톤파트너스,금융,금융,기타 금융
452400,이닉스,제조,운송장비·부품,자동차부품
452430,사피엔반도체,제조,전기·전자,반도체
452450,피아이이,제조,기계·장비,특수 목적용 기계
453340,현대그린푸드,유통,유통,유통
453450,그리드위즈,일반서비스,일반서비스,"그외 기타 전문, 과학 및 기술 서비스"
453860,에이에스텍,제조,화학,기타 화학제품
454910,두산로보틱스,제조,기계·장비,특수 목적용 기계
455180,케이지에이,제조,기계·장비,이차전지
455900,엔젤로보틱스,제조,기계·장비,특수 목적용 기계
456010,아이씨티케이,제조,전기·전자,반도체
456040,OCI,제조,화학,화학
456070,이엔셀,제조,제약,제약
456160,지투지바이오,제조,제약,제약
457190,이수스페셜티케미컬,제조,화학,화학
457370,한켐,제조,화학,화학
457550,우진엔텍,일반서비스,일반서비스,"그외 기타 전문, 과학 및 기술 서비스"
457600,벡트,제조,전기·전자,가전/전자제품
458350,에스팀,일반서비스,일반서비스,기타 사지원 서비스
458650,성우,제조,전기·전자,이차전지
458870,씨어스테크놀로지,제조,의료·정밀기기,의료기기
459100,위츠,제조,전기·전자,전자부품
459510,나우로보틱스,제조,기계·장비,특수 목적용 기계
459550,알트,제조,전기·전자,통신장비
460470,아이빔테크놀로지,제조,의료·정밀기기,사진장비 및 광학기기
460850,동국씨엠,제조,금속,철강
460860,동국제강,제조,금속,철강
460870,에스엠씨지,제조,비금속,화장품
460930,현대힘스,제조,운송장비·부품,조선
460940,피앤에스로보틱스,제조,의료·정밀기기,의료기기
461030,아이엠비디엑스,일반서비스,건강관리,바이오
461300,아이스크림미디어,서비스,IT서비스,소프트웨어
462310,뉴키즈온,제조,섬유·의류,섬유/의류
462350,이노스페이스,제조,운송장비·부품,"항공기,우주선 및 부품"
462510,라메디텍,제조,의료·정밀기기,의료기기
462520,조선내화,제조,비금속,"내화, 비내화 요제품"
462860,더즌,기타,기타,전기 통신
462870,시프트업,IT 서비스,IT서비스,소프트웨어
462980,아이지넷,기타,기타,기타 정보 서비스
463020,뉴엔AI,서비스,IT서비스,소프트웨어
463480,모티브링크,제조,전기·전자,전자부품
464080,에스오에스랩,제조,의료·정밀기기,"측정, 시험, 항해, 제어 및 기타 정밀기기; 광학기기 제외"
464280,티디에스팜,제조,제약,제약
464490,쿼드메디슨,제조,제약,제약
464500,아이언디바이스,제조,전기·전자,반도체
464580,닷밀,오락·문화,미디어/엔터,미디어/콘텐츠
465480,인스피언,서비스,IT서비스,소프트웨어
465770,STX그린로지스,운송·창고,운송·창고,해운
466100,클로봇,서비스,IT서비스,소프트웨어
466410,사이냅소프트,서비스,IT서비스,소프트웨어
468530,프로티나,일반서비스,건강관리,바이오
469610,이노테크,제조,기계·장비,특수 목적용 기계
469750,아이비젼웍스,제조,기계·장비,이차전지
471820,셀로맥스사이언스,제조,음식료·담배,기타 식품
472850,폰드그룹,유통,섬유·의류,섬유/의류
473980,노머스,오락·문화,오락·문화,창작 및 예술관련 서비스
474170,루미르,제조,운송장비·부품,"항공기,우주선 및 부품"
474610,RF시스템즈,제조,금속,금속가공
474650,링크솔루션,제조,기계·장비,특수 목적용 기계
475150,SK이터닉스,건설,건설,건설
475230,엔알비,제조,금속,금속가공
475400,씨메스,제조,기계·장비,특수 목적용 기계
475430,키스트론,제조,전기·전자,전자부품
475460,미트박스,기타,기타,기타 정보 서비스
475560,더본코리아,유통,유통,상품 종합 도매
475580,에이럭스,제조,기타제조,그외 기타 제품
475660,에스켐,제조,화학,디스플레이
475830,오름테라퓨틱,제조,제약,바이오
475960,토모큐브,제조,의료·정밀기기,사진장비 및 광학기기
476040,오가노이드사이언스,일반서비스,건강관리,바이오
476060,온코닉테라퓨틱스,일반서비스,건강관리,바이오
476080,M83,오락·문화,미디어/엔터,미디어/콘텐츠
476830,알지노믹스,일반서비스,건강관리,바이오
478340,나라스페이스테크놀로지,제조,운송장비·부품,"항공기,우주선 및 부품"
478560,블랙야크아이앤씨,제조,섬유·의류,신발 및 신발 부분품
479960,위너스,제조,전기·전자,기타 전기장비
480370,씨케이솔루션,건설,건설,"건축기술, 엔지니어링 및 관련 기술 서비스"
481070,에이유브랜즈,유통,섬유·의류,섬유/의류
482630,삼양엔씨켐,제조,화학,반도체
483650,달바글로벌,제조,화학,화장품
484120,도우인시스,제조,전기·전자,전자부품
484590,삼양컴텍,제조,금속,무기 및 총포탄
484810,티엑스알로보틱스,제조,기계·장비,일반 목적용 기계
484870,엠앤씨솔루션,제조,기계·장비,특수 목적용 기계
486990,노타,서비스,IT서비스,소프트웨어
487570,HS효성,금융,금융,기타 금융
488280,에스투더블유,서비스,IT서비스,소프트웨어
488900,비츠로넥스텍,제조,운송장비·부품,"항공기,우주선 및 부품"
489460,바이오비쥬,제조,화학,기타 화학제품
489500,엘케이켐,제조,화학,반도체
489790,한화비전,제조,전기·전자,통신장비
490470,세미파이브,일반서비스,전기·전자,반도체
491000,리브스메드,제조,의료·정밀기기,의료기기
493280,아이엠바이오로직스,일반서비스,건강관리,바이오
493330,지에프아이,제조,기계·장비,이차전지
494120,큐리오시스,제조,의료·정밀기기,사진장비 및 광학기기
499790,GS피앤엘,금융,금융,기타 금융
